2026-02-17 00:59:12 [INFO] [STARTUP] Track backend starting up
2026-02-17 00:59:12 [INFO] [STARTUP] Log file: /Users/jeffreyfernandez/code/Track/TrackBackend/logs/track.log
2026-02-17 01:01:43 [INFO] [STARTUP] Track backend starting up
2026-02-17 01:01:43 [INFO] [STARTUP] Log file: /Users/jeffreyfernandez/code/Track/TrackBackend/logs/track.log
2026-02-17 01:01:44 [INFO] [STARTUP] Track backend starting up
2026-02-17 01:01:44 [INFO] [STARTUP] Log file: /Users/jeffreyfernandez/code/Track/TrackBackend/logs/track.log
2026-02-17 01:01:45 [INFO] [STARTUP] Track backend starting up
2026-02-17 01:01:45 [INFO] [STARTUP] Log file: /Users/jeffreyfernandez/code/Track/TrackBackend/logs/track.log
2026-02-17 01:01:46 [INFO] [STARTUP] Track backend starting up
2026-02-17 01:01:46 [INFO] [STARTUP] Log file: /Users/jeffreyfernandez/code/Track/TrackBackend/logs/track.log
2026-02-17 01:01:47 [INFO] [STARTUP] Track backend starting up
2026-02-17 01:01:47 [INFO] [STARTUP] Log file: /Users/jeffreyfernandez/code/Track/TrackBackend/logs/track.log
2026-02-17 01:01:55 [INFO] [STARTUP] Track backend starting up
2026-02-17 01:01:55 [INFO] [STARTUP] Log file: /Users/jeffreyfernandez/code/Track/TrackBackend/logs/track.log
2026-02-17 01:02:14 [INFO] [STARTUP] Track backend starting up
2026-02-17 01:02:14 [INFO] [STARTUP] Log file: /Users/jeffreyfernandez/code/Track/TrackBackend/logs/track.log
2026-02-17 01:02:16 [INFO] [STARTUP] Track backend starting up
2026-02-17 01:02:16 [INFO] [STARTUP] Log file: /Users/jeffreyfernandez/code/Track/TrackBackend/logs/track.log
2026-02-17 01:02:18 [INFO] [STARTUP] Track backend starting up
2026-02-17 01:02:18 [INFO] [STARTUP] Log file: /Users/jeffreyfernandez/code/Track/TrackBackend/logs/track.log
2026-02-17 01:02:20 [INFO] [STARTUP] Track backend starting up
2026-02-17 01:02:20 [INFO] [STARTUP] Log file: /Users/jeffreyfernandez/code/Track/TrackBackend/logs/track.log
2026-02-17 01:02:22 [INFO] [STARTUP] Track backend starting up
2026-02-17 01:02:22 [INFO] [STARTUP] Log file: /Users/jeffreyfernandez/code/Track/TrackBackend/logs/track.log
2026-02-17 01:02:24 [INFO] [STARTUP] Track backend starting up
2026-02-17 01:02:24 [INFO] [STARTUP] Log file: /Users/jeffreyfernandez/code/Track/TrackBackend/logs/track.log
2026-02-17 01:02:26 [INFO] [STARTUP] Track backend starting up
2026-02-17 01:02:26 [INFO] [STARTUP] Log file: /Users/jeffreyfernandez/code/Track/TrackBackend/logs/track.log
2026-02-17 01:02:28 [INFO] [STARTUP] Track backend starting up
2026-02-17 01:02:28 [INFO] [STARTUP] Log file: /Users/jeffreyfernandez/code/Track/TrackBackend/logs/track.log
2026-02-17 01:02:39 [INFO] [STARTUP] Track backend starting up
2026-02-17 01:02:39 [INFO] [STARTUP] Log file: /Users/jeffreyfernandez/code/Track/TrackBackend/logs/track.log
2026-02-17 01:02:41 [INFO] [STARTUP] Track backend starting up
2026-02-17 01:02:41 [INFO] [STARTUP] Log file: /Users/jeffreyfernandez/code/Track/TrackBackend/logs/track.log
2026-02-17 01:02:43 [INFO] [STARTUP] Track backend starting up
2026-02-17 01:02:43 [INFO] [STARTUP] Log file: /Users/jeffreyfernandez/code/Track/TrackBackend/logs/track.log
2026-02-17 01:02:55 [INFO] [STARTUP] Track backend starting up
2026-02-17 01:02:55 [INFO] [STARTUP] Log file: /Users/jeffreyfernandez/code/Track/TrackBackend/logs/track.log
2026-02-17 01:02:57 [INFO] [STARTUP] Track backend starting up
2026-02-17 01:02:57 [INFO] [STARTUP] Log file: /Users/jeffreyfernandez/code/Track/TrackBackend/logs/track.log
2026-02-17 01:02:59 [INFO] [STARTUP] Track backend starting up
2026-02-17 01:02:59 [INFO] [STARTUP] Log file: /Users/jeffreyfernandez/code/Track/TrackBackend/logs/track.log
2026-02-17 01:03:01 [INFO] [STARTUP] Track backend starting up
2026-02-17 01:03:01 [INFO] [STARTUP] Log file: /Users/jeffreyfernandez/code/Track/TrackBackend/logs/track.log
2026-02-17 01:03:03 [INFO] [STARTUP] Track backend starting up
2026-02-17 01:03:03 [INFO] [STARTUP] Log file: /Users/jeffreyfernandez/code/Track/TrackBackend/logs/track.log
2026-02-17 01:03:17 [INFO] [STARTUP] Track backend starting up
2026-02-17 01:03:17 [INFO] [STARTUP] Log file: /Users/jeffreyfernandez/code/Track/TrackBackend/logs/track.log
2026-02-17 01:03:19 [INFO] [STARTUP] Track backend starting up
2026-02-17 01:03:19 [INFO] [STARTUP] Log file: /Users/jeffreyfernandez/code/Track/TrackBackend/logs/track.log
2026-02-17 01:03:28 [INFO] [STARTUP] Track backend starting up
2026-02-17 01:03:28 [INFO] [STARTUP] Log file: /Users/jeffreyfernandez/code/Track/TrackBackend/logs/track.log
2026-02-17 01:03:30 [INFO] [STARTUP] Track backend starting up
2026-02-17 01:03:30 [INFO] [STARTUP] Log file: /Users/jeffreyfernandez/code/Track/TrackBackend/logs/track.log
2026-02-17 01:04:41 [INFO] [STARTUP] Track backend starting up
2026-02-17 01:04:41 [INFO] [STARTUP] Log file: /Users/jeffreyfernandez/code/Track/TrackBackend/logs/track.log
2026-02-17 01:04:50 [INFO] [STARTUP] Track backend starting up
2026-02-17 01:04:50 [INFO] [STARTUP] Log file: /Users/jeffreyfernandez/code/Track/TrackBackend/logs/track.log
2026-02-17 01:04:59 [INFO] [STARTUP] Track backend starting up
2026-02-17 01:04:59 [INFO] [STARTUP] Log file: /Users/jeffreyfernandez/code/Track/TrackBackend/logs/track.log
2026-02-17 01:05:11 [INFO] [STARTUP] Track backend starting up
2026-02-17 01:05:11 [INFO] [STARTUP] Log file: /Users/jeffreyfernandez/code/Track/TrackBackend/logs/track.log
2026-02-17 01:05:19 [INFO] [STARTUP] Track backend starting up
2026-02-17 01:05:19 [INFO] [STARTUP] Log file: /Users/jeffreyfernandez/code/Track/TrackBackend/logs/track.log
2026-02-17 01:05:27 [INFO] [STARTUP] Track backend starting up
2026-02-17 01:05:27 [INFO] [STARTUP] Log file: /Users/jeffreyfernandez/code/Track/TrackBackend/logs/track.log
2026-02-17 01:05:35 [INFO] [STARTUP] Track backend starting up
2026-02-17 01:05:35 [INFO] [STARTUP] Log file: /Users/jeffreyfernandez/code/Track/TrackBackend/logs/track.log
2026-02-17 01:05:43 [INFO] [STARTUP] Track backend starting up
2026-02-17 01:05:43 [INFO] [STARTUP] Log file: /Users/jeffreyfernandez/code/Track/TrackBackend/logs/track.log
2026-02-17 01:05:52 [INFO] [STARTUP] Track backend starting up
2026-02-17 01:05:52 [INFO] [STARTUP] Log file: /Users/jeffreyfernandez/code/Track/TrackBackend/logs/track.log
2026-02-17 01:06:04 [INFO] [STARTUP] Track backend starting up
2026-02-17 01:06:04 [INFO] [STARTUP] Log file: /Users/jeffreyfernandez/code/Track/TrackBackend/logs/track.log
2026-02-17 01:06:11 [INFO] [STARTUP] Track backend starting up
2026-02-17 01:06:11 [INFO] [STARTUP] Log file: /Users/jeffreyfernandez/code/Track/TrackBackend/logs/track.log
2026-02-17 01:06:18 [INFO] [STARTUP] Track backend starting up
2026-02-17 01:06:18 [INFO] [STARTUP] Log file: /Users/jeffreyfernandez/code/Track/TrackBackend/logs/track.log
2026-02-17 01:06:25 [INFO] [STARTUP] Track backend starting up
2026-02-17 01:06:25 [INFO] [STARTUP] Log file: /Users/jeffreyfernandez/code/Track/TrackBackend/logs/track.log
2026-02-17 01:06:32 [INFO] [STARTUP] Track backend starting up
2026-02-17 01:06:32 [INFO] [STARTUP] Log file: /Users/jeffreyfernandez/code/Track/TrackBackend/logs/track.log
2026-02-17 01:06:43 [INFO] [STARTUP] Track backend starting up
2026-02-17 01:06:43 [INFO] [STARTUP] Log file: /Users/jeffreyfernandez/code/Track/TrackBackend/logs/track.log
2026-02-17 01:06:50 [INFO] [STARTUP] Track backend starting up
2026-02-17 01:06:50 [INFO] [STARTUP] Log file: /Users/jeffreyfernandez/code/Track/TrackBackend/logs/track.log
2026-02-17 01:06:56 [INFO] [STARTUP] Track backend starting up
2026-02-17 01:06:56 [INFO] [STARTUP] Log file: /Users/jeffreyfernandez/code/Track/TrackBackend/logs/track.log
2026-02-17 01:07:04 [INFO] [STARTUP] Track backend starting up
2026-02-17 01:07:04 [INFO] [STARTUP] Log file: /Users/jeffreyfernandez/code/Track/TrackBackend/logs/track.log
2026-02-17 01:07:11 [INFO] [STARTUP] Track backend starting up
2026-02-17 01:07:11 [INFO] [STARTUP] Log file: /Users/jeffreyfernandez/code/Track/TrackBackend/logs/track.log
2026-02-17 01:07:20 [INFO] [STARTUP] Track backend starting up
2026-02-17 01:07:20 [INFO] [STARTUP] Log file: /Users/jeffreyfernandez/code/Track/TrackBackend/logs/track.log
2026-02-17 01:07:31 [INFO] [STARTUP] Track backend starting up
2026-02-17 01:07:31 [INFO] [STARTUP] Log file: /Users/jeffreyfernandez/code/Track/TrackBackend/logs/track.log
2026-02-17 01:09:14 [INFO] [HTTP] GET /config → 200 (0.6ms)
2026-02-17 01:09:14 [INFO] [HTTP] GET /config → 200 (0.1ms)
2026-02-17 01:09:14 [INFO] [HTTP] GET /config → 200 (0.1ms)
2026-02-17 01:09:14 [INFO] [TRACK] Subway shapes/all: 2 lines, 2 polylines returned
2026-02-17 01:09:14 [INFO] [HTTP] GET /subway/shapes/all → 200 (0.5ms)
2026-02-17 01:09:14 [INFO] [HTTP] GET /subway/stations/all → 200 (0.2ms)
2026-02-17 01:09:14 [INFO] [TRACK] Subway shape 'L': 1 polyline(s), 2 stops, 2 directions
2026-02-17 01:09:14 [INFO] [HTTP] GET /subway/shape/L → 200 (0.4ms)
2026-02-17 01:09:14 [WARNING] [HTTP] GET /subway/shape/ZZZ → 404 (0.1ms)
2026-02-17 01:09:14 [INFO] [HTTP] GET /subway/L → 200 (0.2ms)
2026-02-17 01:09:14 [WARNING] [HTTP] GET /subway/ZZZ → 404 (0.1ms)
2026-02-17 01:09:14 [ERROR] [HTTP] GET /subway/L → 502 (0.1ms)
2026-02-17 01:09:14 [INFO] [HTTP] GET /bus/routes → 200 (0.3ms)
2026-02-17 01:09:14 [INFO] [HTTP] GET /bus/stops/MTA NYCT_B63 → 200 (0.2ms)
2026-02-17 01:09:14 [INFO] [LOCATION] lat=40.67000, lon=-73.98000 (bus/nearby)
2026-02-17 01:09:14 [INFO] [HTTP] GET /bus/nearby?lat=40.67&lon=-73.98 → 200 (0.3ms)
2026-02-17 01:09:14 [WARNING] [HTTP] GET /bus/nearby → 422 (0.6ms)
2026-02-17 01:09:14 [INFO] [HTTP] GET /bus/live/MTA_308214 → 200 (0.5ms)
2026-02-17 01:09:14 [INFO] [HTTP] GET /bus/vehicles/MTA NYCT_B63 → 200 (0.2ms)
2026-02-17 01:09:14 [INFO] [HTTP] GET /bus/vehicles/MTA NYCT_X99 → 200 (0.1ms)
2026-02-17 01:09:14 [INFO] [HTTP] GET /bus/route-shape/MTA NYCT_B63 → 200 (0.2ms)
2026-02-17 01:09:14 [INFO] [HTTP] GET /lirr/shapes/all → 200 (0.2ms)
2026-02-17 01:09:14 [INFO] [HTTP] GET /lirr/shape/5 → 200 (0.2ms)
2026-02-17 01:09:14 [INFO] [HTTP] GET /lirr/shape/LIRR_9 → 200 (0.1ms)
2026-02-17 01:09:14 [WARNING] [HTTP] GET /lirr/shape/99 → 404 (0.1ms)
2026-02-17 01:09:14 [INFO] [HTTP] GET /lirr → 200 (0.2ms)
2026-02-17 01:09:14 [ERROR] [HTTP] GET /lirr → 502 (0.1ms)
2026-02-17 01:09:14 [INFO] [HTTP] GET /mnr/shapes/all → 200 (5.6ms)
2026-02-17 01:09:14 [INFO] [HTTP] GET /mnr/shape/1 → 200 (0.3ms)
2026-02-17 01:09:14 [INFO] [HTTP] GET /mnr/shape/MNR_3 → 200 (0.1ms)
2026-02-17 01:09:14 [WARNING] [HTTP] GET /mnr/shape/99 → 404 (0.1ms)
2026-02-17 01:09:14 [INFO] [HTTP] GET /mnr → 200 (0.2ms)
2026-02-17 01:09:14 [ERROR] [HTTP] GET /mnr → 502 (0.1ms)
2026-02-17 01:09:14 [WARNING] [HTTP] GET /nearby → 422 (0.3ms)
2026-02-17 01:09:14 [WARNING] [HTTP] GET /nearby?lat=40.7 → 422 (0.1ms)
2026-02-17 01:09:14 [INFO] [LOCATION] lat=40.70000, lon=-73.90000 (nearby)
2026-02-17 01:09:14 [INFO] [HTTP] GET /nearby?lat=40.7&lon=-73.9 → 200 (0.3ms)
2026-02-17 01:09:14 [INFO] [LOCATION] lat=40.70000, lon=-73.90000 (nearby)
2026-02-17 01:09:14 [INFO] [HTTP] GET /nearby?lat=40.7&lon=-73.9 → 200 (0.3ms)
2026-02-17 01:09:14 [INFO] [LOCATION] lat=40.70000, lon=-73.90000 (nearby)
2026-02-17 01:09:14 [ERROR] [TRACK] SUBWAY feed failed: Subway down
2026-02-17 01:09:14 [ERROR] [TRACK] BUS feed failed: Bus down
2026-02-17 01:09:14 [ERROR] [TRACK] LIRR feed failed: LIRR down
2026-02-17 01:09:14 [ERROR] [TRACK] MNR feed failed: MNR down
2026-02-17 01:09:14 [INFO] [HTTP] GET /nearby?lat=40.7&lon=-73.9 → 200 (0.3ms)
2026-02-17 01:09:14 [WARNING] [HTTP] GET /nearby/grouped → 422 (0.2ms)
2026-02-17 01:09:14 [INFO] [LOCATION] lat=40.70000, lon=-73.90000 (nearby/grouped)
2026-02-17 01:09:14 [INFO] [HTTP] GET /nearby/grouped?lat=40.7&lon=-73.9 → 200 (0.3ms)
2026-02-17 01:09:14 [INFO] [LOCATION] lat=40.70000, lon=-73.90000 (nearby/grouped)
2026-02-17 01:09:14 [INFO] [HTTP] GET /nearby/grouped?lat=40.7&lon=-73.9 → 200 (1.0ms)
2026-02-17 01:09:14 [INFO] [LOCATION] lat=40.70000, lon=-73.90000 (nearby/grouped)
2026-02-17 01:09:14 [INFO] [HTTP] GET /nearby/grouped?lat=40.7&lon=-73.9 → 200 (0.6ms)
2026-02-17 01:09:14 [INFO] [LOCATION] lat=40.70000, lon=-73.90000 (nearby/grouped)
2026-02-17 01:09:14 [INFO] [HTTP] GET /nearby/grouped?lat=40.7&lon=-73.9 → 200 (0.3ms)
2026-02-17 01:09:14 [INFO] [HTTP] GET /alerts → 200 (0.4ms)
2026-02-17 01:09:14 [INFO] [HTTP] GET /alerts → 200 (0.1ms)
2026-02-17 01:09:14 [ERROR] [HTTP] GET /alerts → 502 (0.1ms)
2026-02-17 01:09:14 [INFO] [HTTP] GET /accessibility → 200 (0.1ms)
2026-02-17 01:09:14 [ERROR] [HTTP] GET /accessibility → 502 (0.3ms)
2026-02-17 01:09:14 [INFO] [HTTP] GET /analytics/popular → 200 (0.4ms)
2026-02-17 01:09:14 [INFO] [HTTP] GET /analytics/popular?mode=bus&limit=5 → 200 (0.1ms)
2026-02-17 01:09:14 [INFO] [HTTP] POST /analytics/log?route_id=L&mode=subway&interaction_type=click → 200 (0.2ms)
2026-02-17 01:09:14 [INFO] [HTTP] GET /static/routes → 200 (0.4ms)
2026-02-17 01:09:14 [INFO] [HTTP] GET /static/stops → 200 (0.1ms)
2026-02-17 01:09:14 [INFO] [HTTP] GET /static/colors → 200 (0.1ms)
2026-02-17 01:09:14 [INFO] [HTTP] GET /static/bundle → 200 (0.1ms)
2026-02-17 01:09:14 [INFO] [HTTP] GET /static/health → 200 (0.1ms)
2026-02-17 01:09:15 [INFO] [DATA] Loaded 1488 stops from subway (stops.txt)
2026-02-17 01:09:15 [INFO] [DATA] Loaded 217 stops from lirr (stops.txt)
2026-02-17 01:09:15 [INFO] [DATA] Loaded 151 stops from mnr (stops.txt)
2026-02-17 01:09:15 [INFO] [DATA] Station lookup ready: 1856 total stop entries
2026-02-17 01:09:16 [DEBUG] [FEED] Fetching protobuf: https://api-endpoint.mta.info/Dataservice/mtagtfsfeeds/lirr%2Fgtfs-lirr
2026-02-17 01:09:16 [DEBUG] [HTTP] Created new shared httpx.AsyncClient
2026-02-17 01:09:16 [DEBUG] [FEED] Protobuf OK (33831 bytes): https://api-endpoint.mta.info/Dataservice/mtagtfsfeeds/lirr%2Fgtfs-lirr
2026-02-17 01:09:16 [INFO] [RAIL] lirr: 636 arrivals from 98 entities
2026-02-17 01:09:16 [DEBUG] [FEED] Fetching protobuf: https://api-endpoint.mta.info/Dataservice/mtagtfsfeeds/mnr%2Fgtfs-mnr
2026-02-17 01:09:16 [DEBUG] [HTTP] Created new shared httpx.AsyncClient
2026-02-17 01:09:16 [DEBUG] [FEED] Protobuf OK (84090 bytes): https://api-endpoint.mta.info/Dataservice/mtagtfsfeeds/mnr%2Fgtfs-mnr
2026-02-17 01:09:16 [INFO] [RAIL] metro_north: 1720 arrivals from 130 entities
2026-02-17 01:09:16 [DEBUG] [CACHE] HIT  https://api-endpoint.mta.info/Dataservice/mtagtfsfeeds/lirr%2Fgtfs-lirr
2026-02-17 01:09:16 [INFO] [RAIL] lirr: 636 arrivals from 98 entities
2026-02-17 01:09:16 [DEBUG] [CACHE] HIT  https://api-endpoint.mta.info/Dataservice/mtagtfsfeeds/mnr%2Fgtfs-mnr
2026-02-17 01:09:16 [INFO] [RAIL] metro_north: 1720 arrivals from 130 entities
2026-02-17 01:09:17 [WARNING] [HTTP] GET /nearby → 422 (0.7ms)
2026-02-17 01:09:17 [WARNING] [HTTP] GET /nearby?lat=40.7 → 422 (0.2ms)
2026-02-17 01:09:17 [INFO] [LOCATION] lat=40.70000, lon=-73.90000 (nearby)
2026-02-17 01:09:17 [INFO] [HTTP] GET /nearby?lat=40.7&lon=-73.9 → 200 (0.4ms)
2026-02-17 01:09:17 [INFO] [LOCATION] lat=40.70000, lon=-73.90000 (nearby)
2026-02-17 01:09:17 [INFO] [HTTP] GET /nearby?lat=40.7&lon=-73.9 → 200 (0.3ms)
2026-02-17 01:09:17 [INFO] [LOCATION] lat=40.70000, lon=-73.90000 (nearby)
2026-02-17 01:09:17 [INFO] [HTTP] GET /nearby?lat=40.7&lon=-73.9 → 200 (0.4ms)
2026-02-17 01:09:17 [INFO] [LOCATION] lat=40.70000, lon=-73.90000 (nearby)
2026-02-17 01:09:17 [ERROR] [TRACK] SUBWAY feed failed: Feed unavailable
2026-02-17 01:09:17 [INFO] [HTTP] GET /nearby?lat=40.7&lon=-73.9 → 200 (0.3ms)
2026-02-17 01:09:17 [INFO] [HTTP] GET /bus/vehicles/MTA NYCT_B63 → 200 (0.1ms)
2026-02-17 01:09:17 [INFO] [HTTP] GET /bus/vehicles/MTA NYCT_X99 → 200 (0.1ms)
2026-02-17 01:09:17 [INFO] [HTTP] GET /bus/route-shape/MTA NYCT_B63 → 200 (0.1ms)
2026-02-17 01:09:17 [INFO] [HTTP] GET /bus/route-shape/R1 → 200 (0.1ms)
2026-02-17 01:09:17 [INFO] [LOCATION] lat=40.70000, lon=-73.90000 (nearby/grouped)
2026-02-17 01:09:17 [INFO] [HTTP] GET /nearby/grouped?lat=40.7&lon=-73.9 → 200 (0.3ms)
2026-02-17 01:09:17 [INFO] [LOCATION] lat=40.70000, lon=-73.90000 (nearby/grouped)
2026-02-17 01:09:17 [INFO] [HTTP] GET /nearby/grouped?lat=40.7&lon=-73.9 → 200 (0.2ms)
2026-02-17 01:09:17 [INFO] [LOCATION] lat=40.70000, lon=-73.90000 (nearby/grouped)
2026-02-17 01:09:17 [INFO] [HTTP] GET /nearby/grouped?lat=40.7&lon=-73.9 → 200 (0.3ms)
2026-02-17 01:09:17 [INFO] [LOCATION] lat=40.70000, lon=-73.90000 (nearby/grouped)
2026-02-17 01:09:17 [INFO] [HTTP] GET /nearby/grouped?lat=40.7&lon=-73.9 → 200 (0.3ms)
2026-02-17 01:09:17 [INFO] [TRACK] Delay prediction: L 5min → 5min (factor=1.00, weather=clear, hour=14)
2026-02-17 01:09:17 [INFO] [HTTP] GET /predict/delay?minutes_away=5&route_id=L&hour=14&day_of_week=3&weather=clear → 200 (0.4ms)
2026-02-17 01:09:17 [INFO] [TRACK] Delay prediction: 4 10min → 11min (factor=1.10, weather=clear, hour=8)
2026-02-17 01:09:17 [INFO] [HTTP] GET /predict/delay?minutes_away=10&route_id=4&hour=8&day_of_week=2&weather=clear → 200 (0.2ms)
2026-02-17 01:09:17 [INFO] [TRACK] Delay prediction: A 8min → 9min (factor=1.10, weather=clear, hour=17)
2026-02-17 01:09:17 [INFO] [HTTP] GET /predict/delay?minutes_away=8&route_id=A&hour=17&day_of_week=4&weather=clear → 200 (0.2ms)
2026-02-17 01:09:17 [INFO] [TRACK] Delay prediction: 4 10min → 10min (factor=1.00, weather=clear, hour=8)
2026-02-17 01:09:17 [INFO] [HTTP] GET /predict/delay?minutes_away=10&route_id=4&hour=8&day_of_week=1&weather=clear → 200 (0.2ms)
2026-02-17 01:09:17 [INFO] [TRACK] Delay prediction: G 10min → 11min (factor=1.10, weather=rain, hour=12)
2026-02-17 01:09:17 [INFO] [HTTP] GET /predict/delay?minutes_away=10&route_id=G&hour=12&day_of_week=3&weather=rain → 200 (0.2ms)
2026-02-17 01:09:17 [INFO] [TRACK] Delay prediction: G 10min → 12min (factor=1.20, weather=snow, hour=12)
2026-02-17 01:09:17 [INFO] [HTTP] GET /predict/delay?minutes_away=10&route_id=G&hour=12&day_of_week=3&weather=snow → 200 (0.2ms)
2026-02-17 01:09:17 [INFO] [TRACK] Delay prediction: 1 10min → 13min (factor=1.20, weather=rain, hour=8)
2026-02-17 01:09:17 [INFO] [HTTP] GET /predict/delay?minutes_away=10&route_id=1&hour=8&day_of_week=2&weather=rain → 200 (0.2ms)
2026-02-17 01:09:17 [INFO] [TRACK] Delay prediction: 7 10min → 13min (factor=1.30, weather=snow, hour=18)
2026-02-17 01:09:17 [INFO] [HTTP] GET /predict/delay?minutes_away=10&route_id=7&hour=18&day_of_week=5&weather=snow → 200 (0.2ms)
2026-02-17 01:09:17 [INFO] [TRACK] Delay prediction: L 0min → 0min (factor=1.30, weather=snow, hour=8)
2026-02-17 01:09:17 [INFO] [HTTP] GET /predict/delay?minutes_away=0&route_id=L&hour=8&day_of_week=2&weather=snow → 200 (0.2ms)
2026-02-17 01:09:17 [INFO] [TRACK] Delay prediction: F 30min → 39min (factor=1.30, weather=snow, hour=9)
2026-02-17 01:09:17 [INFO] [HTTP] GET /predict/delay?minutes_away=30&route_id=F&hour=9&day_of_week=4&weather=snow → 200 (0.2ms)
2026-02-17 01:09:17 [INFO] [TRACK] Delay prediction: L 10min → 11min (factor=1.10, weather=RAIN, hour=12)
2026-02-17 01:09:17 [INFO] [HTTP] GET /predict/delay?minutes_away=10&route_id=L&hour=12&day_of_week=3&weather=RAIN → 200 (0.2ms)
2026-02-17 01:09:17 [WARNING] [HTTP] GET /predict/delay → 422 (0.2ms)
2026-02-17 01:09:17 [WARNING] [HTTP] GET /predict/delay?minutes_away=5&route_id=L&hour=25&day_of_week=1&weather=clear → 422 (0.4ms)
2026-02-17 01:09:17 [WARNING] [HTTP] GET /predict/delay?minutes_away=5&route_id=L&hour=12&day_of_week=0&weather=clear → 422 (0.1ms)
2026-02-17 01:09:17 [INFO] [TRACK] Subway shape '1': 2 polyline(s), 76 stops, 2 directions
2026-02-17 01:09:17 [INFO] [HTTP] GET /subway/shape/1 → 200 (0.8ms)
2026-02-17 01:09:17 [INFO] [TRACK] Subway shape '2': 4 polyline(s), 142 stops, 2 directions
2026-02-17 01:09:17 [INFO] [HTTP] GET /subway/shape/2 → 200 (1.8ms)
2026-02-17 01:09:17 [INFO] [TRACK] Subway shape '3': 2 polyline(s), 68 stops, 2 directions
2026-02-17 01:09:17 [INFO] [HTTP] GET /subway/shape/3 → 200 (0.7ms)
2026-02-17 01:09:17 [INFO] [TRACK] Subway shape '4': 2 polyline(s), 108 stops, 2 directions
2026-02-17 01:09:17 [INFO] [HTTP] GET /subway/shape/4 → 200 (1.1ms)
2026-02-17 01:09:17 [INFO] [TRACK] Subway shape '5': 6 polyline(s), 101 stops, 2 directions
2026-02-17 01:09:17 [INFO] [HTTP] GET /subway/shape/5 → 200 (2.4ms)
2026-02-17 01:09:17 [INFO] [TRACK] Subway shape '6': 2 polyline(s), 76 stops, 2 directions
2026-02-17 01:09:17 [INFO] [HTTP] GET /subway/shape/6 → 200 (0.9ms)
2026-02-17 01:09:17 [INFO] [TRACK] Subway shape '7': 2 polyline(s), 42 stops, 2 directions
2026-02-17 01:09:17 [INFO] [HTTP] GET /subway/shape/7 → 200 (0.7ms)
2026-02-17 01:09:17 [INFO] [TRACK] Subway shape 'A': 6 polyline(s), 131 stops, 2 directions
2026-02-17 01:09:17 [INFO] [HTTP] GET /subway/shape/A → 200 (3.4ms)
2026-02-17 01:09:17 [INFO] [TRACK] Subway shape 'C': 2 polyline(s), 80 stops, 2 directions
2026-02-17 01:09:17 [INFO] [HTTP] GET /subway/shape/C → 200 (1.0ms)
2026-02-17 01:09:17 [INFO] [TRACK] Subway shape 'E': 4 polyline(s), 70 stops, 2 directions
2026-02-17 01:09:17 [INFO] [HTTP] GET /subway/shape/E → 200 (1.6ms)
2026-02-17 01:09:17 [INFO] [TRACK] Subway shape 'B': 2 polyline(s), 72 stops, 2 directions
2026-02-17 01:09:17 [INFO] [HTTP] GET /subway/shape/B → 200 (1.1ms)
2026-02-17 01:09:17 [INFO] [TRACK] Subway shape 'D': 2 polyline(s), 82 stops, 2 directions
2026-02-17 01:09:17 [INFO] [HTTP] GET /subway/shape/D → 200 (1.2ms)
2026-02-17 01:09:17 [INFO] [TRACK] Subway shape 'F': 4 polyline(s), 118 stops, 2 directions
2026-02-17 01:09:17 [INFO] [HTTP] GET /subway/shape/F → 200 (2.7ms)
2026-02-17 01:09:17 [INFO] [TRACK] Subway shape 'M': 2 polyline(s), 72 stops, 2 directions
2026-02-17 01:09:17 [INFO] [HTTP] GET /subway/shape/M → 200 (1.0ms)
2026-02-17 01:09:17 [INFO] [TRACK] Subway shape 'G': 2 polyline(s), 42 stops, 2 directions
2026-02-17 01:09:17 [INFO] [HTTP] GET /subway/shape/G → 200 (0.7ms)
2026-02-17 01:09:17 [INFO] [TRACK] Subway shape 'J': 2 polyline(s), 60 stops, 2 directions
2026-02-17 01:09:17 [INFO] [HTTP] GET /subway/shape/J → 200 (1.0ms)
2026-02-17 01:09:17 [INFO] [TRACK] Subway shape 'Z': 2 polyline(s), 42 stops, 2 directions
2026-02-17 01:09:17 [INFO] [HTTP] GET /subway/shape/Z → 200 (0.9ms)
2026-02-17 01:09:17 [INFO] [TRACK] Subway shape 'L': 2 polyline(s), 48 stops, 2 directions
2026-02-17 01:09:17 [INFO] [HTTP] GET /subway/shape/L → 200 (0.6ms)
2026-02-17 01:09:17 [INFO] [TRACK] Subway shape 'N': 6 polyline(s), 99 stops, 2 directions
2026-02-17 01:09:17 [INFO] [HTTP] GET /subway/shape/N → 200 (2.5ms)
2026-02-17 01:09:17 [INFO] [TRACK] Subway shape 'Q': 2 polyline(s), 68 stops, 2 directions
2026-02-17 01:09:17 [INFO] [HTTP] GET /subway/shape/Q → 200 (0.9ms)
2026-02-17 01:09:17 [INFO] [TRACK] Subway shape 'R': 4 polyline(s), 94 stops, 2 directions
2026-02-17 01:09:17 [INFO] [HTTP] GET /subway/shape/R → 200 (1.9ms)
2026-02-17 01:09:17 [INFO] [TRACK] Subway shape 'W': 3 polyline(s), 91 stops, 2 directions
2026-02-17 01:09:17 [INFO] [HTTP] GET /subway/shape/W → 200 (1.5ms)
2026-02-17 01:09:17 [INFO] [TRACK] Subway shape '1': 2 polyline(s), 76 stops, 2 directions
2026-02-17 01:09:17 [INFO] [HTTP] GET /subway/shape/1 → 200 (0.7ms)
2026-02-17 01:09:17 [INFO] [TRACK] Subway shape '2': 4 polyline(s), 142 stops, 2 directions
2026-02-17 01:09:17 [INFO] [HTTP] GET /subway/shape/2 → 200 (1.7ms)
2026-02-17 01:09:17 [INFO] [TRACK] Subway shape '3': 2 polyline(s), 68 stops, 2 directions
2026-02-17 01:09:17 [INFO] [HTTP] GET /subway/shape/3 → 200 (0.8ms)
2026-02-17 01:09:17 [INFO] [TRACK] Subway shape '4': 2 polyline(s), 108 stops, 2 directions
2026-02-17 01:09:17 [INFO] [HTTP] GET /subway/shape/4 → 200 (1.0ms)
2026-02-17 01:09:17 [INFO] [TRACK] Subway shape '5': 6 polyline(s), 101 stops, 2 directions
2026-02-17 01:09:17 [INFO] [HTTP] GET /subway/shape/5 → 200 (2.3ms)
2026-02-17 01:09:17 [INFO] [TRACK] Subway shape '6': 2 polyline(s), 76 stops, 2 directions
2026-02-17 01:09:17 [INFO] [HTTP] GET /subway/shape/6 → 200 (0.9ms)
2026-02-17 01:09:17 [INFO] [TRACK] Subway shape '7': 2 polyline(s), 42 stops, 2 directions
2026-02-17 01:09:17 [INFO] [HTTP] GET /subway/shape/7 → 200 (0.6ms)
2026-02-17 01:09:17 [INFO] [TRACK] Subway shape 'A': 6 polyline(s), 131 stops, 2 directions
2026-02-17 01:09:17 [INFO] [HTTP] GET /subway/shape/A → 200 (3.3ms)
2026-02-17 01:09:17 [INFO] [TRACK] Subway shape 'C': 2 polyline(s), 80 stops, 2 directions
2026-02-17 01:09:17 [INFO] [HTTP] GET /subway/shape/C → 200 (1.0ms)
2026-02-17 01:09:17 [INFO] [TRACK] Subway shape 'E': 4 polyline(s), 70 stops, 2 directions
2026-02-17 01:09:17 [INFO] [HTTP] GET /subway/shape/E → 200 (1.5ms)
2026-02-17 01:09:17 [INFO] [TRACK] Subway shape 'B': 2 polyline(s), 72 stops, 2 directions
2026-02-17 01:09:17 [INFO] [HTTP] GET /subway/shape/B → 200 (1.1ms)
2026-02-17 01:09:17 [INFO] [TRACK] Subway shape 'D': 2 polyline(s), 82 stops, 2 directions
2026-02-17 01:09:17 [INFO] [HTTP] GET /subway/shape/D → 200 (1.2ms)
2026-02-17 01:09:17 [INFO] [TRACK] Subway shape 'F': 4 polyline(s), 118 stops, 2 directions
2026-02-17 01:09:17 [INFO] [HTTP] GET /subway/shape/F → 200 (2.7ms)
2026-02-17 01:09:17 [INFO] [TRACK] Subway shape 'M': 2 polyline(s), 72 stops, 2 directions
2026-02-17 01:09:17 [INFO] [HTTP] GET /subway/shape/M → 200 (1.1ms)
2026-02-17 01:09:17 [INFO] [TRACK] Subway shape 'G': 2 polyline(s), 42 stops, 2 directions
2026-02-17 01:09:17 [INFO] [HTTP] GET /subway/shape/G → 200 (0.7ms)
2026-02-17 01:09:17 [INFO] [TRACK] Subway shape 'J': 2 polyline(s), 60 stops, 2 directions
2026-02-17 01:09:17 [INFO] [HTTP] GET /subway/shape/J → 200 (0.9ms)
2026-02-17 01:09:17 [INFO] [TRACK] Subway shape 'Z': 2 polyline(s), 42 stops, 2 directions
2026-02-17 01:09:17 [INFO] [HTTP] GET /subway/shape/Z → 200 (0.9ms)
2026-02-17 01:09:17 [INFO] [TRACK] Subway shape 'L': 2 polyline(s), 48 stops, 2 directions
2026-02-17 01:09:17 [INFO] [HTTP] GET /subway/shape/L → 200 (0.6ms)
2026-02-17 01:09:17 [INFO] [TRACK] Subway shape 'N': 6 polyline(s), 99 stops, 2 directions
2026-02-17 01:09:17 [INFO] [HTTP] GET /subway/shape/N → 200 (2.5ms)
2026-02-17 01:09:17 [INFO] [TRACK] Subway shape 'Q': 2 polyline(s), 68 stops, 2 directions
2026-02-17 01:09:17 [INFO] [HTTP] GET /subway/shape/Q → 200 (0.9ms)
2026-02-17 01:09:17 [INFO] [TRACK] Subway shape 'R': 4 polyline(s), 94 stops, 2 directions
2026-02-17 01:09:17 [INFO] [HTTP] GET /subway/shape/R → 200 (1.9ms)
2026-02-17 01:09:17 [INFO] [TRACK] Subway shape 'W': 3 polyline(s), 91 stops, 2 directions
2026-02-17 01:09:17 [INFO] [HTTP] GET /subway/shape/W → 200 (1.4ms)
2026-02-17 01:09:18 [INFO] [TRACK] LIRR shapes: 12 branches loaded
2026-02-17 01:09:18 [INFO] [HTTP] GET /lirr/shape/1 → 200 (19.2ms)
2026-02-17 01:09:18 [INFO] [HTTP] GET /lirr/shape/2 → 200 (3.6ms)
2026-02-17 01:09:18 [INFO] [HTTP] GET /lirr/shape/3 → 200 (6.0ms)
2026-02-17 01:09:18 [INFO] [HTTP] GET /lirr/shape/4 → 200 (7.4ms)
2026-02-17 01:09:18 [INFO] [HTTP] GET /lirr/shape/5 → 200 (44.2ms)
2026-02-17 01:09:18 [INFO] [HTTP] GET /lirr/shape/6 → 200 (6.0ms)
2026-02-17 01:09:18 [INFO] [HTTP] GET /lirr/shape/7 → 200 (5.4ms)
2026-02-17 01:09:18 [INFO] [HTTP] GET /lirr/shape/8 → 200 (4.6ms)
2026-02-17 01:09:18 [INFO] [HTTP] GET /lirr/shape/9 → 200 (4.1ms)
2026-02-17 01:09:18 [INFO] [HTTP] GET /lirr/shape/10 → 200 (23.4ms)
2026-02-17 01:09:18 [INFO] [HTTP] GET /lirr/shape/1 → 200 (19.2ms)
2026-02-17 01:09:18 [INFO] [HTTP] GET /lirr/shape/LIRR_1 → 200 (32.3ms)
2026-02-17 01:09:18 [INFO] [HTTP] GET /lirr/shape/2 → 200 (3.7ms)
2026-02-17 01:09:18 [INFO] [HTTP] GET /lirr/shape/LIRR_2 → 200 (3.5ms)
2026-02-17 01:09:18 [INFO] [HTTP] GET /lirr/shape/3 → 200 (6.1ms)
2026-02-17 01:09:18 [INFO] [HTTP] GET /lirr/shape/LIRR_3 → 200 (6.0ms)
2026-02-17 01:09:18 [INFO] [HTTP] GET /lirr/shape/4 → 200 (7.5ms)
2026-02-17 01:09:18 [INFO] [HTTP] GET /lirr/shape/LIRR_4 → 200 (7.3ms)
2026-02-17 01:09:18 [INFO] [HTTP] GET /lirr/shape/5 → 200 (44.1ms)
2026-02-17 01:09:18 [INFO] [HTTP] GET /lirr/shape/LIRR_5 → 200 (43.8ms)
2026-02-17 01:09:18 [INFO] [HTTP] GET /lirr/shape/6 → 200 (6.0ms)
2026-02-17 01:09:18 [INFO] [HTTP] GET /lirr/shape/LIRR_6 → 200 (5.9ms)
2026-02-17 01:09:18 [INFO] [HTTP] GET /lirr/shape/7 → 200 (5.4ms)
2026-02-17 01:09:18 [INFO] [HTTP] GET /lirr/shape/LIRR_7 → 200 (5.3ms)
2026-02-17 01:09:18 [INFO] [HTTP] GET /lirr/shape/8 → 200 (4.5ms)
2026-02-17 01:09:18 [INFO] [HTTP] GET /lirr/shape/LIRR_8 → 200 (4.6ms)
2026-02-17 01:09:18 [INFO] [HTTP] GET /lirr/shape/9 → 200 (4.1ms)
2026-02-17 01:09:18 [INFO] [HTTP] GET /lirr/shape/LIRR_9 → 200 (4.1ms)
2026-02-17 01:09:18 [INFO] [HTTP] GET /lirr/shape/10 → 200 (23.7ms)
2026-02-17 01:09:18 [INFO] [HTTP] GET /lirr/shape/LIRR_10 → 200 (23.4ms)
2026-02-17 01:09:18 [INFO] [TRACK] LIRR shapes: 12 branches loaded
2026-02-17 01:09:18 [INFO] [HTTP] GET /lirr/shapes/all → 200 (62.3ms)
2026-02-17 01:09:18 [INFO] [TRACK] MNR shapes: 6 branches loaded
2026-02-17 01:09:18 [INFO] [HTTP] GET /mnr/shape/1 → 200 (9.5ms)
2026-02-17 01:09:18 [INFO] [HTTP] GET /mnr/shape/2 → 200 (10.6ms)
2026-02-17 01:09:18 [INFO] [HTTP] GET /mnr/shape/3 → 200 (9.6ms)
2026-02-17 01:09:18 [INFO] [HTTP] GET /mnr/shape/4 → 200 (5.5ms)
2026-02-17 01:09:18 [INFO] [HTTP] GET /mnr/shape/5 → 200 (8.6ms)
2026-02-17 01:09:18 [INFO] [HTTP] GET /mnr/shape/6 → 200 (11.5ms)
2026-02-17 01:09:18 [INFO] [HTTP] GET /mnr/shape/1 → 200 (9.5ms)
2026-02-17 01:09:18 [INFO] [HTTP] GET /mnr/shape/MNR_1 → 200 (9.4ms)
2026-02-17 01:09:18 [INFO] [HTTP] GET /mnr/shape/2 → 200 (10.8ms)
2026-02-17 01:09:18 [INFO] [HTTP] GET /mnr/shape/MNR_2 → 200 (24.0ms)
2026-02-17 01:09:18 [INFO] [HTTP] GET /mnr/shape/3 → 200 (9.7ms)
2026-02-17 01:09:18 [INFO] [HTTP] GET /mnr/shape/MNR_3 → 200 (9.6ms)
2026-02-17 01:09:18 [INFO] [HTTP] GET /mnr/shape/4 → 200 (5.5ms)
2026-02-17 01:09:18 [INFO] [HTTP] GET /mnr/shape/MNR_4 → 200 (5.5ms)
2026-02-17 01:09:18 [INFO] [HTTP] GET /mnr/shape/5 → 200 (8.6ms)
2026-02-17 01:09:19 [INFO] [HTTP] GET /mnr/shape/MNR_5 → 200 (8.5ms)
2026-02-17 01:09:19 [INFO] [HTTP] GET /mnr/shape/6 → 200 (11.4ms)
2026-02-17 01:09:19 [INFO] [HTTP] GET /mnr/shape/MNR_6 → 200 (11.3ms)
2026-02-17 01:09:19 [INFO] [TRACK] MNR shapes: 6 branches loaded
2026-02-17 01:09:19 [INFO] [HTTP] GET /mnr/shapes/all → 200 (24.4ms)
2026-02-17 01:09:19 [INFO] [HTTP] GET /bus/route-shape/MTA NYCT_B63 → 200 (0.1ms)
2026-02-17 01:09:19 [INFO] [HTTP] GET /bus/route-shape/MTA NYCT_B63 → 200 (0.1ms)
2026-02-17 01:09:19 [INFO] [HTTP] GET /bus/route-shape/UNKNOWN → 200 (0.1ms)
2026-02-17 01:09:19 [WARNING] [HTTP] GET /subway/shape/LIRR_5 → 404 (0.1ms)
2026-02-17 01:09:19 [INFO] [HTTP] GET /lirr/shape/5 → 200 (57.8ms)
2026-02-17 01:09:19 [WARNING] [HTTP] GET /subway/shape/MNR_1 → 404 (0.1ms)
2026-02-17 01:09:19 [INFO] [HTTP] GET /mnr/shape/1 → 200 (9.5ms)
2026-02-17 01:09:19 [INFO] [TRACK] Subway shape '5': 6 polyline(s), 101 stops, 2 directions
2026-02-17 01:09:19 [INFO] [HTTP] GET /subway/shape/5 → 200 (2.3ms)
2026-02-17 01:09:19 [INFO] [HTTP] GET /lirr/shape/5 → 200 (44.4ms)
2026-02-17 01:09:19 [INFO] [TRACK] Subway shape '1': 2 polyline(s), 76 stops, 2 directions
2026-02-17 01:09:19 [INFO] [HTTP] GET /subway/shape/1 → 200 (0.8ms)
2026-02-17 01:09:19 [INFO] [HTTP] GET /lirr/shape/1 → 200 (19.3ms)
2026-02-17 01:09:19 [INFO] [TRACK] Subway shape '2': 4 polyline(s), 142 stops, 2 directions
2026-02-17 01:09:19 [INFO] [HTTP] GET /subway/shape/2 → 200 (1.8ms)
2026-02-17 01:09:19 [INFO] [HTTP] GET /lirr/shape/2 → 200 (3.7ms)
2026-02-17 01:09:19 [INFO] [TRACK] Subway shape '3': 2 polyline(s), 68 stops, 2 directions
2026-02-17 01:09:19 [INFO] [HTTP] GET /subway/shape/3 → 200 (0.8ms)
2026-02-17 01:09:19 [INFO] [HTTP] GET /lirr/shape/3 → 200 (6.1ms)
2026-02-17 01:09:19 [INFO] [TRACK] Subway shape '4': 2 polyline(s), 108 stops, 2 directions
2026-02-17 01:09:19 [INFO] [HTTP] GET /subway/shape/4 → 200 (1.0ms)
2026-02-17 01:09:19 [INFO] [HTTP] GET /lirr/shape/4 → 200 (7.4ms)
2026-02-17 01:09:19 [INFO] [TRACK] Subway shape '6': 2 polyline(s), 76 stops, 2 directions
2026-02-17 01:09:19 [INFO] [HTTP] GET /subway/shape/6 → 200 (0.9ms)
2026-02-17 01:09:19 [INFO] [HTTP] GET /lirr/shape/6 → 200 (5.9ms)
2026-02-17 01:09:19 [INFO] [TRACK] Subway shape '7': 2 polyline(s), 42 stops, 2 directions
2026-02-17 01:09:19 [INFO] [HTTP] GET /subway/shape/7 → 200 (0.6ms)
2026-02-17 01:09:19 [INFO] [HTTP] GET /lirr/shape/7 → 200 (5.4ms)
2026-02-17 01:09:19 [WARNING] [HTTP] GET /subway/shape/ZZZ → 404 (0.1ms)
2026-02-17 01:09:19 [WARNING] [HTTP] GET /lirr/shape/99 → 404 (0.1ms)
2026-02-17 01:09:19 [WARNING] [HTTP] GET /mnr/shape/99 → 404 (0.1ms)
2026-02-17 01:09:19 [INFO] [TRACK] Subway shape 'A': 6 polyline(s), 131 stops, 2 directions
2026-02-17 01:09:19 [INFO] [HTTP] GET /subway/shape/A → 200 (3.4ms)
2026-02-17 01:09:19 [INFO] [TRACK] Subway shape 'L': 2 polyline(s), 48 stops, 2 directions
2026-02-17 01:09:19 [INFO] [HTTP] GET /subway/shape/L → 200 (0.7ms)
2026-02-17 01:09:19 [INFO] [TRACK] Subway shape '1': 2 polyline(s), 76 stops, 2 directions
2026-02-17 01:09:19 [INFO] [HTTP] GET /subway/shape/1 → 200 (0.7ms)
2026-02-17 01:09:19 [INFO] [TRACK] Subway shape '7': 2 polyline(s), 42 stops, 2 directions
2026-02-17 01:09:19 [INFO] [HTTP] GET /subway/shape/7 → 200 (0.6ms)
2026-02-17 01:09:19 [INFO] [TRACK] Subway shape 'G': 2 polyline(s), 42 stops, 2 directions
2026-02-17 01:09:19 [INFO] [HTTP] GET /subway/shape/G → 200 (0.7ms)
2026-02-17 01:09:19 [INFO] [HTTP] GET /lirr/shape/5 → 200 (44.2ms)
2026-02-17 01:09:19 [INFO] [HTTP] GET /mnr/shape/1 → 200 (9.4ms)
2026-02-17 01:09:19 [INFO] [TRACK] Subway shapes/all: 23 lines, 33 polylines returned
2026-02-17 01:09:19 [INFO] [HTTP] GET /subway/shapes/all → 200 (43.2ms)
2026-02-17 01:09:19 [INFO] [TRACK] Subway shapes/all: 23 lines, 33 polylines returned
2026-02-17 01:09:19 [INFO] [HTTP] GET /subway/shapes/all → 200 (42.7ms)
2026-02-17 01:09:19 [INFO] [TRACK] Subway shapes/all: 23 lines, 33 polylines returned
2026-02-17 01:09:19 [INFO] [HTTP] GET /subway/shapes/all → 200 (42.7ms)
2026-02-17 01:09:19 [INFO] [TRACK] Subway shapes/all: 23 lines, 33 polylines returned
2026-02-17 01:09:19 [INFO] [HTTP] GET /subway/shapes/all → 200 (42.7ms)
2026-02-17 01:09:19 [INFO] [TRACK] Subway shapes/all: 23 lines, 33 polylines returned
2026-02-17 01:09:19 [INFO] [HTTP] GET /subway/shapes/all → 200 (42.7ms)
2026-02-17 01:09:19 [INFO] [TRACK] Subway shapes/all: 23 lines, 33 polylines returned
2026-02-17 01:09:19 [INFO] [HTTP] GET /subway/shapes/all → 200 (42.7ms)
2026-02-17 01:09:19 [INFO] [TRACK] Subway shapes/all: 23 lines, 33 polylines returned
2026-02-17 01:09:19 [INFO] [HTTP] GET /subway/shapes/all → 200 (42.6ms)
2026-02-17 01:09:19 [INFO] [TRACK] Subway shapes/all: 23 lines, 33 polylines returned
2026-02-17 01:09:19 [INFO] [HTTP] GET /subway/shapes/all → 200 (42.6ms)
2026-02-17 01:09:19 [INFO] [TRACK] Subway stations/nearby: 21 stations within 1000m of (40.7580, -73.9850)
2026-02-17 01:09:19 [INFO] [HTTP] GET /subway/stations/nearby?lat=40.758&lon=-73.985&radius=1000 → 200 (2.0ms)
2026-02-17 01:09:19 [INFO] [HTTP] GET /subway/stations/all → 200 (2.5ms)
2026-02-17 01:09:19 [INFO] [TRACK] Subway stations/nearby: 9 stations within 500m of (40.7580, -73.9850)
2026-02-17 01:09:19 [INFO] [HTTP] GET /subway/stations/nearby?lat=40.758&lon=-73.985&radius=500 → 200 (1.7ms)
2026-02-17 01:09:19 [INFO] [TRACK] Subway stations/nearby: 21 stations within 1000m of (40.7580, -73.9850)
2026-02-17 01:09:19 [INFO] [HTTP] GET /subway/stations/nearby?lat=40.758&lon=-73.985&radius=1000 → 200 (1.7ms)
2026-02-17 01:09:19 [WARNING] [HTTP] GET /subway/stations/nearby → 422 (0.2ms)
2026-02-17 01:09:19 [INFO] [TRACK] Subway stations/nearby: 33 stations within 1600m of (40.7580, -73.9850)
2026-02-17 01:09:19 [INFO] [HTTP] GET /subway/stations/nearby?lat=40.758&lon=-73.985 → 200 (1.7ms)
2026-02-17 01:09:19 [INFO] [LOCATION] lat=40.70000, lon=-73.90000 (nearby/grouped)
2026-02-17 01:09:19 [INFO] [TRACK] Found 541 subway stop_ids within 8047m
2026-02-17 01:09:19 [DEBUG] [FEED] Fetching protobuf: https://api-endpoint.mta.info/Dataservice/mtagtfsfeeds/nyct%2Fgtfs-ace
2026-02-17 01:09:19 [DEBUG] [HTTP] Created new shared httpx.AsyncClient
2026-02-17 01:09:19 [DEBUG] [FEED] Fetching protobuf: https://api-endpoint.mta.info/Dataservice/mtagtfsfeeds/nyct%2Fgtfs-g
2026-02-17 01:09:19 [DEBUG] [FEED] Fetching protobuf: https://api-endpoint.mta.info/Dataservice/mtagtfsfeeds/nyct%2Fgtfs-nqrw
2026-02-17 01:09:19 [DEBUG] [FEED] Fetching protobuf: https://api-endpoint.mta.info/Dataservice/mtagtfsfeeds/nyct%2Fgtfs
2026-02-17 01:09:19 [DEBUG] [FEED] Fetching protobuf: https://api-endpoint.mta.info/Dataservice/mtagtfsfeeds/nyct%2Fgtfs-bdfm
2026-02-17 01:09:19 [DEBUG] [FEED] Fetching protobuf: https://api-endpoint.mta.info/Dataservice/mtagtfsfeeds/nyct%2Fgtfs-jz
2026-02-17 01:09:19 [DEBUG] [FEED] Fetching protobuf: https://api-endpoint.mta.info/Dataservice/mtagtfsfeeds/nyct%2Fgtfs-l
2026-02-17 01:09:19 [DEBUG] [FEED] Protobuf OK (49773 bytes): https://api-endpoint.mta.info/Dataservice/mtagtfsfeeds/nyct%2Fgtfs-ace
2026-02-17 01:09:19 [INFO] [SUBWAY] Feed A: 1092 arrivals from 110 entities
2026-02-17 01:09:19 [DEBUG] [FEED] Protobuf OK (8781 bytes): https://api-endpoint.mta.info/Dataservice/mtagtfsfeeds/nyct%2Fgtfs-l
2026-02-17 01:09:19 [INFO] [SUBWAY] Feed L: 157 arrivals from 18 entities
2026-02-17 01:09:19 [DEBUG] [FEED] Protobuf OK (12609 bytes): https://api-endpoint.mta.info/Dataservice/mtagtfsfeeds/nyct%2Fgtfs-jz
2026-02-17 01:09:19 [INFO] [SUBWAY] Feed J: 280 arrivals from 26 entities
2026-02-17 01:09:19 [DEBUG] [FEED] Protobuf OK (70814 bytes): https://api-endpoint.mta.info/Dataservice/mtagtfsfeeds/nyct%2Fgtfs
2026-02-17 01:09:19 [INFO] [SUBWAY] Feed 1: 1949 arrivals from 160 entities
2026-02-17 01:09:19 [DEBUG] [FEED] Protobuf OK (8146 bytes): https://api-endpoint.mta.info/Dataservice/mtagtfsfeeds/nyct%2Fgtfs-g
2026-02-17 01:09:19 [INFO] [SUBWAY] Feed G: 174 arrivals from 20 entities
2026-02-17 01:09:19 [DEBUG] [FEED] Protobuf OK (55425 bytes): https://api-endpoint.mta.info/Dataservice/mtagtfsfeeds/nyct%2Fgtfs-bdfm
2026-02-17 01:09:19 [INFO] [SUBWAY] Feed B: 1254 arrivals from 106 entities
2026-02-17 01:09:19 [DEBUG] [FEED] Protobuf OK (41701 bytes): https://api-endpoint.mta.info/Dataservice/mtagtfsfeeds/nyct%2Fgtfs-nqrw
2026-02-17 01:09:19 [INFO] [SUBWAY] Feed N: 952 arrivals from 76 entities
2026-02-17 01:09:19 [INFO] [TRACK] Subway: 7/7 feeds OK, 5858 raw → 1969 kept (nearby)
2026-02-17 01:09:19 [INFO] [TRACK] Filling in schedules for 188 stops with no live data
2026-02-17 01:09:20 [INFO] [HTTP] GET /nearby/grouped?lat=40.7&lon=-73.9&mode=subway → 200 (965.1ms)
2026-02-17 01:09:20 [INFO] [LOCATION] lat=40.70000, lon=-73.90000 (nearby/grouped)
2026-02-17 01:09:21 [INFO] [HTTP] GET /nearby/grouped?lat=40.7&lon=-73.9&mode=bus → 200 (861.9ms)
2026-02-17 01:09:21 [INFO] [LOCATION] lat=40.70000, lon=-73.90000 (nearby/grouped)
2026-02-17 01:09:21 [DEBUG] [CACHE] HIT  https://api-endpoint.mta.info/Dataservice/mtagtfsfeeds/lirr%2Fgtfs-lirr
2026-02-17 01:09:21 [INFO] [RAIL] lirr: 636 arrivals from 98 entities
2026-02-17 01:09:21 [INFO] [HTTP] GET /nearby/grouped?lat=40.7&lon=-73.9&mode=lirr → 200 (12.8ms)
2026-02-17 01:09:21 [INFO] [LOCATION] lat=40.70000, lon=-73.90000 (nearby/grouped)
2026-02-17 01:09:21 [INFO] [HTTP] GET /nearby/grouped?lat=40.7&lon=-73.9&mode=mnr → 200 (0.4ms)
2026-02-17 01:09:21 [INFO] [LOCATION] lat=40.70000, lon=-73.90000 (nearby/grouped)
2026-02-17 01:09:21 [INFO] [TRACK] Found 541 subway stop_ids within 8047m
2026-02-17 01:09:21 [DEBUG] [CACHE] HIT  https://api-endpoint.mta.info/Dataservice/mtagtfsfeeds/nyct%2Fgtfs-ace
2026-02-17 01:09:21 [INFO] [SUBWAY] Feed A: 1092 arrivals from 110 entities
2026-02-17 01:09:21 [DEBUG] [CACHE] HIT  https://api-endpoint.mta.info/Dataservice/mtagtfsfeeds/nyct%2Fgtfs-g
2026-02-17 01:09:21 [INFO] [SUBWAY] Feed G: 174 arrivals from 20 entities
2026-02-17 01:09:21 [DEBUG] [CACHE] HIT  https://api-endpoint.mta.info/Dataservice/mtagtfsfeeds/nyct%2Fgtfs-nqrw
2026-02-17 01:09:21 [INFO] [SUBWAY] Feed N: 952 arrivals from 76 entities
2026-02-17 01:09:21 [DEBUG] [CACHE] HIT  https://api-endpoint.mta.info/Dataservice/mtagtfsfeeds/nyct%2Fgtfs
2026-02-17 01:09:21 [INFO] [SUBWAY] Feed 1: 1949 arrivals from 160 entities
2026-02-17 01:09:21 [DEBUG] [CACHE] HIT  https://api-endpoint.mta.info/Dataservice/mtagtfsfeeds/nyct%2Fgtfs-bdfm
2026-02-17 01:09:21 [INFO] [SUBWAY] Feed B: 1254 arrivals from 106 entities
2026-02-17 01:09:21 [DEBUG] [CACHE] HIT  https://api-endpoint.mta.info/Dataservice/mtagtfsfeeds/nyct%2Fgtfs-jz
2026-02-17 01:09:21 [INFO] [SUBWAY] Feed J: 280 arrivals from 26 entities
2026-02-17 01:09:21 [DEBUG] [CACHE] HIT  https://api-endpoint.mta.info/Dataservice/mtagtfsfeeds/nyct%2Fgtfs-l
2026-02-17 01:09:21 [INFO] [SUBWAY] Feed L: 157 arrivals from 18 entities
2026-02-17 01:09:21 [INFO] [TRACK] Subway: 7/7 feeds OK, 5858 raw → 1969 kept (nearby)
2026-02-17 01:09:21 [INFO] [TRACK] Filling in schedules for 188 stops with no live data
2026-02-17 01:09:21 [INFO] [HTTP] GET /nearby/grouped?lat=40.7&lon=-73.9&mode=subway → 200 (59.8ms)
2026-02-17 01:09:21 [INFO] [LOCATION] lat=40.70000, lon=-73.90000 (nearby/grouped)
2026-02-17 01:09:21 [INFO] [TRACK] Found 541 subway stop_ids within 8047m
2026-02-17 01:09:21 [DEBUG] [CACHE] HIT  https://api-endpoint.mta.info/Dataservice/mtagtfsfeeds/lirr%2Fgtfs-lirr
2026-02-17 01:09:21 [INFO] [RAIL] lirr: 636 arrivals from 98 entities
2026-02-17 01:09:21 [DEBUG] [CACHE] HIT  https://api-endpoint.mta.info/Dataservice/mtagtfsfeeds/nyct%2Fgtfs-ace
2026-02-17 01:09:21 [INFO] [SUBWAY] Feed A: 1092 arrivals from 110 entities
2026-02-17 01:09:21 [DEBUG] [CACHE] HIT  https://api-endpoint.mta.info/Dataservice/mtagtfsfeeds/nyct%2Fgtfs-g
2026-02-17 01:09:21 [INFO] [SUBWAY] Feed G: 174 arrivals from 20 entities
2026-02-17 01:09:21 [DEBUG] [CACHE] HIT  https://api-endpoint.mta.info/Dataservice/mtagtfsfeeds/nyct%2Fgtfs-nqrw
2026-02-17 01:09:21 [INFO] [SUBWAY] Feed N: 952 arrivals from 76 entities
2026-02-17 01:09:21 [DEBUG] [CACHE] HIT  https://api-endpoint.mta.info/Dataservice/mtagtfsfeeds/nyct%2Fgtfs
2026-02-17 01:09:21 [INFO] [SUBWAY] Feed 1: 1949 arrivals from 160 entities
2026-02-17 01:09:21 [DEBUG] [CACHE] HIT  https://api-endpoint.mta.info/Dataservice/mtagtfsfeeds/nyct%2Fgtfs-bdfm
2026-02-17 01:09:21 [INFO] [SUBWAY] Feed B: 1254 arrivals from 106 entities
2026-02-17 01:09:21 [DEBUG] [CACHE] HIT  https://api-endpoint.mta.info/Dataservice/mtagtfsfeeds/nyct%2Fgtfs-jz
2026-02-17 01:09:21 [INFO] [SUBWAY] Feed J: 280 arrivals from 26 entities
2026-02-17 01:09:21 [DEBUG] [CACHE] HIT  https://api-endpoint.mta.info/Dataservice/mtagtfsfeeds/nyct%2Fgtfs-l
2026-02-17 01:09:21 [INFO] [SUBWAY] Feed L: 157 arrivals from 18 entities
2026-02-17 01:09:21 [INFO] [TRACK] Subway: 7/7 feeds OK, 5858 raw → 1969 kept (nearby)
2026-02-17 01:09:21 [INFO] [TRACK] Filling in schedules for 188 stops with no live data
2026-02-17 01:09:22 [INFO] [HTTP] GET /nearby/grouped?lat=40.7&lon=-73.9 → 200 (721.9ms)
2026-02-17 01:09:22 [INFO] [HTTP] GET /config → 200 (0.2ms)
2026-02-17 01:09:22 [INFO] [HTTP] GET /config → 200 (0.1ms)
2026-02-17 01:11:12 [INFO] [HTTP] GET /config → 200 (0.9ms)
2026-02-17 01:11:12 [INFO] [HTTP] GET /config → 200 (0.2ms)
2026-02-17 01:11:12 [INFO] [HTTP] GET /config → 200 (0.1ms)
2026-02-17 01:11:12 [INFO] [TRACK] Subway shapes/all: 2 lines, 2 polylines returned
2026-02-17 01:11:12 [INFO] [HTTP] GET /subway/shapes/all → 200 (0.6ms)
2026-02-17 01:11:12 [INFO] [HTTP] GET /subway/stations/all → 200 (0.2ms)
2026-02-17 01:11:12 [INFO] [TRACK] Subway shape 'L': 1 polyline(s), 2 stops, 2 directions
2026-02-17 01:11:12 [INFO] [HTTP] GET /subway/shape/L → 200 (0.4ms)
2026-02-17 01:11:12 [WARNING] [HTTP] GET /subway/shape/ZZZ → 404 (0.1ms)
2026-02-17 01:11:12 [INFO] [HTTP] GET /subway/L → 200 (0.3ms)
2026-02-17 01:11:12 [WARNING] [HTTP] GET /subway/ZZZ → 404 (0.1ms)
2026-02-17 01:11:12 [ERROR] [HTTP] GET /subway/L → 502 (0.1ms)
2026-02-17 01:11:12 [INFO] [HTTP] GET /bus/routes → 200 (0.4ms)
2026-02-17 01:11:12 [INFO] [HTTP] GET /bus/stops/MTA NYCT_B63 → 200 (0.2ms)
2026-02-17 01:11:12 [INFO] [LOCATION] lat=40.67000, lon=-73.98000 (bus/nearby)
2026-02-17 01:11:12 [INFO] [HTTP] GET /bus/nearby?lat=40.67&lon=-73.98 → 200 (0.5ms)
2026-02-17 01:11:12 [WARNING] [HTTP] GET /bus/nearby → 422 (1.1ms)
2026-02-17 01:11:12 [INFO] [HTTP] GET /bus/live/MTA_308214 → 200 (0.5ms)
2026-02-17 01:11:12 [INFO] [HTTP] GET /bus/vehicles/MTA NYCT_B63 → 200 (0.2ms)
2026-02-17 01:11:12 [INFO] [HTTP] GET /bus/vehicles/MTA NYCT_X99 → 200 (0.1ms)
2026-02-17 01:11:12 [INFO] [HTTP] GET /bus/route-shape/MTA NYCT_B63 → 200 (0.2ms)
2026-02-17 01:11:12 [INFO] [HTTP] GET /lirr/shapes/all → 200 (0.4ms)
2026-02-17 01:11:12 [INFO] [HTTP] GET /lirr/shape/5 → 200 (0.2ms)
2026-02-17 01:11:12 [INFO] [HTTP] GET /lirr/shape/LIRR_9 → 200 (0.1ms)
2026-02-17 01:11:12 [WARNING] [HTTP] GET /lirr/shape/99 → 404 (0.1ms)
2026-02-17 01:11:12 [INFO] [HTTP] GET /lirr → 200 (0.2ms)
2026-02-17 01:11:12 [ERROR] [HTTP] GET /lirr → 502 (0.1ms)
2026-02-17 01:11:12 [INFO] [HTTP] GET /mnr/shapes/all → 200 (6.0ms)
2026-02-17 01:11:12 [INFO] [HTTP] GET /mnr/shape/1 → 200 (0.2ms)
2026-02-17 01:11:12 [INFO] [HTTP] GET /mnr/shape/MNR_3 → 200 (0.1ms)
2026-02-17 01:11:12 [WARNING] [HTTP] GET /mnr/shape/99 → 404 (0.1ms)
2026-02-17 01:11:12 [INFO] [HTTP] GET /mnr → 200 (0.2ms)
2026-02-17 01:11:12 [ERROR] [HTTP] GET /mnr → 502 (0.1ms)
2026-02-17 01:11:12 [WARNING] [HTTP] GET /nearby → 422 (0.5ms)
2026-02-17 01:11:12 [WARNING] [HTTP] GET /nearby?lat=40.7 → 422 (0.1ms)
2026-02-17 01:11:12 [INFO] [LOCATION] lat=40.70000, lon=-73.90000 (nearby)
2026-02-17 01:11:12 [INFO] [HTTP] GET /nearby?lat=40.7&lon=-73.9 → 200 (0.3ms)
2026-02-17 01:11:12 [INFO] [LOCATION] lat=40.70000, lon=-73.90000 (nearby)
2026-02-17 01:11:12 [INFO] [HTTP] GET /nearby?lat=40.7&lon=-73.9 → 200 (0.2ms)
2026-02-17 01:11:12 [INFO] [LOCATION] lat=40.70000, lon=-73.90000 (nearby)
2026-02-17 01:11:12 [ERROR] [TRACK] SUBWAY feed failed: Subway down
2026-02-17 01:11:12 [ERROR] [TRACK] BUS feed failed: Bus down
2026-02-17 01:11:12 [ERROR] [TRACK] LIRR feed failed: LIRR down
2026-02-17 01:11:12 [ERROR] [TRACK] MNR feed failed: MNR down
2026-02-17 01:11:12 [INFO] [HTTP] GET /nearby?lat=40.7&lon=-73.9 → 200 (0.4ms)
2026-02-17 01:11:12 [WARNING] [HTTP] GET /nearby/grouped → 422 (0.2ms)
2026-02-17 01:11:12 [INFO] [LOCATION] lat=40.70000, lon=-73.90000 (nearby/grouped)
2026-02-17 01:11:12 [INFO] [HTTP] GET /nearby/grouped?lat=40.7&lon=-73.9 → 200 (0.3ms)
2026-02-17 01:11:12 [INFO] [LOCATION] lat=40.70000, lon=-73.90000 (nearby/grouped)
2026-02-17 01:11:12 [INFO] [HTTP] GET /nearby/grouped?lat=40.7&lon=-73.9 → 200 (0.9ms)
2026-02-17 01:11:12 [INFO] [LOCATION] lat=40.70000, lon=-73.90000 (nearby/grouped)
2026-02-17 01:11:12 [INFO] [HTTP] GET /nearby/grouped?lat=40.7&lon=-73.9 → 200 (0.6ms)
2026-02-17 01:11:12 [INFO] [LOCATION] lat=40.70000, lon=-73.90000 (nearby/grouped)
2026-02-17 01:11:12 [INFO] [HTTP] GET /nearby/grouped?lat=40.7&lon=-73.9 → 200 (0.3ms)
2026-02-17 01:11:12 [INFO] [HTTP] GET /alerts → 200 (0.4ms)
2026-02-17 01:11:12 [INFO] [HTTP] GET /alerts → 200 (0.1ms)
2026-02-17 01:11:12 [ERROR] [HTTP] GET /alerts → 502 (0.1ms)
2026-02-17 01:11:12 [INFO] [HTTP] GET /accessibility → 200 (0.1ms)
2026-02-17 01:11:12 [ERROR] [HTTP] GET /accessibility → 502 (0.3ms)
2026-02-17 01:11:12 [INFO] [HTTP] GET /analytics/popular → 200 (0.4ms)
2026-02-17 01:11:12 [INFO] [HTTP] GET /analytics/popular?mode=bus&limit=5 → 200 (0.2ms)
2026-02-17 01:11:12 [INFO] [HTTP] POST /analytics/log?route_id=L&mode=subway&interaction_type=click → 200 (0.2ms)
2026-02-17 01:11:12 [INFO] [HTTP] GET /static/routes → 200 (1.0ms)
2026-02-17 01:11:12 [INFO] [HTTP] GET /static/stops → 200 (0.1ms)
2026-02-17 01:11:12 [INFO] [HTTP] GET /static/colors → 200 (0.1ms)
2026-02-17 01:11:12 [INFO] [HTTP] GET /static/bundle → 200 (0.1ms)
2026-02-17 01:11:12 [INFO] [HTTP] GET /static/health → 200 (0.1ms)
2026-02-17 01:11:12 [INFO] [DATA] Loaded 1488 stops from subway (stops.txt)
2026-02-17 01:11:12 [INFO] [DATA] Loaded 217 stops from lirr (stops.txt)
2026-02-17 01:11:12 [INFO] [DATA] Loaded 151 stops from mnr (stops.txt)
2026-02-17 01:11:12 [INFO] [DATA] Station lookup ready: 1856 total stop entries
2026-02-17 01:11:13 [DEBUG] [FEED] Fetching protobuf: https://api-endpoint.mta.info/Dataservice/mtagtfsfeeds/lirr%2Fgtfs-lirr
2026-02-17 01:11:13 [DEBUG] [HTTP] Created new shared httpx.AsyncClient
2026-02-17 01:11:13 [DEBUG] [FEED] Protobuf OK (34359 bytes): https://api-endpoint.mta.info/Dataservice/mtagtfsfeeds/lirr%2Fgtfs-lirr
2026-02-17 01:11:13 [INFO] [RAIL] lirr: 648 arrivals from 99 entities
2026-02-17 01:11:13 [DEBUG] [FEED] Fetching protobuf: https://api-endpoint.mta.info/Dataservice/mtagtfsfeeds/mnr%2Fgtfs-mnr
2026-02-17 01:11:13 [DEBUG] [HTTP] Created new shared httpx.AsyncClient
2026-02-17 01:11:13 [DEBUG] [FEED] Protobuf OK (83653 bytes): https://api-endpoint.mta.info/Dataservice/mtagtfsfeeds/mnr%2Fgtfs-mnr
2026-02-17 01:11:13 [INFO] [RAIL] metro_north: 1708 arrivals from 130 entities
2026-02-17 01:11:13 [DEBUG] [CACHE] HIT  https://api-endpoint.mta.info/Dataservice/mtagtfsfeeds/lirr%2Fgtfs-lirr
2026-02-17 01:11:13 [INFO] [RAIL] lirr: 648 arrivals from 99 entities
2026-02-17 01:11:13 [DEBUG] [CACHE] HIT  https://api-endpoint.mta.info/Dataservice/mtagtfsfeeds/mnr%2Fgtfs-mnr
2026-02-17 01:11:13 [INFO] [RAIL] metro_north: 1708 arrivals from 130 entities
2026-02-17 01:11:14 [WARNING] [HTTP] GET /nearby → 422 (0.2ms)
2026-02-17 01:11:14 [WARNING] [HTTP] GET /nearby?lat=40.7 → 422 (0.2ms)
2026-02-17 01:11:14 [INFO] [LOCATION] lat=40.70000, lon=-73.90000 (nearby)
2026-02-17 01:11:14 [INFO] [HTTP] GET /nearby?lat=40.7&lon=-73.9 → 200 (0.3ms)
2026-02-17 01:11:14 [INFO] [LOCATION] lat=40.70000, lon=-73.90000 (nearby)
2026-02-17 01:11:14 [INFO] [HTTP] GET /nearby?lat=40.7&lon=-73.9 → 200 (0.3ms)
2026-02-17 01:11:14 [INFO] [LOCATION] lat=40.70000, lon=-73.90000 (nearby)
2026-02-17 01:11:14 [INFO] [HTTP] GET /nearby?lat=40.7&lon=-73.9 → 200 (0.4ms)
2026-02-17 01:11:14 [INFO] [LOCATION] lat=40.70000, lon=-73.90000 (nearby)
2026-02-17 01:11:14 [ERROR] [TRACK] SUBWAY feed failed: Feed unavailable
2026-02-17 01:11:14 [INFO] [HTTP] GET /nearby?lat=40.7&lon=-73.9 → 200 (0.3ms)
2026-02-17 01:11:14 [INFO] [HTTP] GET /bus/vehicles/MTA NYCT_B63 → 200 (0.1ms)
2026-02-17 01:11:14 [INFO] [HTTP] GET /bus/vehicles/MTA NYCT_X99 → 200 (0.1ms)
2026-02-17 01:11:14 [INFO] [HTTP] GET /bus/route-shape/MTA NYCT_B63 → 200 (0.1ms)
2026-02-17 01:11:14 [INFO] [HTTP] GET /bus/route-shape/R1 → 200 (0.1ms)
2026-02-17 01:11:14 [INFO] [LOCATION] lat=40.70000, lon=-73.90000 (nearby/grouped)
2026-02-17 01:11:14 [INFO] [HTTP] GET /nearby/grouped?lat=40.7&lon=-73.9 → 200 (0.3ms)
2026-02-17 01:11:14 [INFO] [LOCATION] lat=40.70000, lon=-73.90000 (nearby/grouped)
2026-02-17 01:11:14 [INFO] [HTTP] GET /nearby/grouped?lat=40.7&lon=-73.9 → 200 (0.2ms)
2026-02-17 01:11:14 [INFO] [LOCATION] lat=40.70000, lon=-73.90000 (nearby/grouped)
2026-02-17 01:11:14 [INFO] [HTTP] GET /nearby/grouped?lat=40.7&lon=-73.9 → 200 (0.3ms)
2026-02-17 01:11:14 [INFO] [LOCATION] lat=40.70000, lon=-73.90000 (nearby/grouped)
2026-02-17 01:11:14 [INFO] [HTTP] GET /nearby/grouped?lat=40.7&lon=-73.9 → 200 (0.3ms)
2026-02-17 01:11:14 [INFO] [TRACK] Delay prediction: L 5min → 5min (factor=1.00, weather=clear, hour=14)
2026-02-17 01:11:14 [INFO] [HTTP] GET /predict/delay?minutes_away=5&route_id=L&hour=14&day_of_week=3&weather=clear → 200 (1.0ms)
2026-02-17 01:11:14 [INFO] [TRACK] Delay prediction: 4 10min → 11min (factor=1.10, weather=clear, hour=8)
2026-02-17 01:11:14 [INFO] [HTTP] GET /predict/delay?minutes_away=10&route_id=4&hour=8&day_of_week=2&weather=clear → 200 (0.2ms)
2026-02-17 01:11:14 [INFO] [TRACK] Delay prediction: A 8min → 9min (factor=1.10, weather=clear, hour=17)
2026-02-17 01:11:14 [INFO] [HTTP] GET /predict/delay?minutes_away=8&route_id=A&hour=17&day_of_week=4&weather=clear → 200 (0.2ms)
2026-02-17 01:11:14 [INFO] [TRACK] Delay prediction: 4 10min → 10min (factor=1.00, weather=clear, hour=8)
2026-02-17 01:11:14 [INFO] [HTTP] GET /predict/delay?minutes_away=10&route_id=4&hour=8&day_of_week=1&weather=clear → 200 (0.2ms)
2026-02-17 01:11:14 [INFO] [TRACK] Delay prediction: G 10min → 11min (factor=1.10, weather=rain, hour=12)
2026-02-17 01:11:14 [INFO] [HTTP] GET /predict/delay?minutes_away=10&route_id=G&hour=12&day_of_week=3&weather=rain → 200 (0.2ms)
2026-02-17 01:11:14 [INFO] [TRACK] Delay prediction: G 10min → 12min (factor=1.20, weather=snow, hour=12)
2026-02-17 01:11:14 [INFO] [HTTP] GET /predict/delay?minutes_away=10&route_id=G&hour=12&day_of_week=3&weather=snow → 200 (0.2ms)
2026-02-17 01:11:14 [INFO] [TRACK] Delay prediction: 1 10min → 13min (factor=1.20, weather=rain, hour=8)
2026-02-17 01:11:14 [INFO] [HTTP] GET /predict/delay?minutes_away=10&route_id=1&hour=8&day_of_week=2&weather=rain → 200 (0.2ms)
2026-02-17 01:11:14 [INFO] [TRACK] Delay prediction: 7 10min → 13min (factor=1.30, weather=snow, hour=18)
2026-02-17 01:11:14 [INFO] [HTTP] GET /predict/delay?minutes_away=10&route_id=7&hour=18&day_of_week=5&weather=snow → 200 (0.2ms)
2026-02-17 01:11:14 [INFO] [TRACK] Delay prediction: L 0min → 0min (factor=1.30, weather=snow, hour=8)
2026-02-17 01:11:14 [INFO] [HTTP] GET /predict/delay?minutes_away=0&route_id=L&hour=8&day_of_week=2&weather=snow → 200 (0.2ms)
2026-02-17 01:11:14 [INFO] [TRACK] Delay prediction: F 30min → 39min (factor=1.30, weather=snow, hour=9)
2026-02-17 01:11:14 [INFO] [HTTP] GET /predict/delay?minutes_away=30&route_id=F&hour=9&day_of_week=4&weather=snow → 200 (0.2ms)
2026-02-17 01:11:14 [INFO] [TRACK] Delay prediction: L 10min → 11min (factor=1.10, weather=RAIN, hour=12)
2026-02-17 01:11:14 [INFO] [HTTP] GET /predict/delay?minutes_away=10&route_id=L&hour=12&day_of_week=3&weather=RAIN → 200 (0.2ms)
2026-02-17 01:11:14 [WARNING] [HTTP] GET /predict/delay → 422 (0.2ms)
2026-02-17 01:11:14 [WARNING] [HTTP] GET /predict/delay?minutes_away=5&route_id=L&hour=25&day_of_week=1&weather=clear → 422 (0.4ms)
2026-02-17 01:11:14 [WARNING] [HTTP] GET /predict/delay?minutes_away=5&route_id=L&hour=12&day_of_week=0&weather=clear → 422 (0.1ms)
2026-02-17 01:11:15 [INFO] [TRACK] Subway shape '1': 2 polyline(s), 76 stops, 2 directions
2026-02-17 01:11:15 [INFO] [HTTP] GET /subway/shape/1 → 200 (0.8ms)
2026-02-17 01:11:15 [INFO] [TRACK] Subway shape '2': 4 polyline(s), 142 stops, 2 directions
2026-02-17 01:11:15 [INFO] [HTTP] GET /subway/shape/2 → 200 (1.8ms)
2026-02-17 01:11:15 [INFO] [TRACK] Subway shape '3': 2 polyline(s), 68 stops, 2 directions
2026-02-17 01:11:15 [INFO] [HTTP] GET /subway/shape/3 → 200 (0.8ms)
2026-02-17 01:11:15 [INFO] [TRACK] Subway shape '4': 2 polyline(s), 108 stops, 2 directions
2026-02-17 01:11:15 [INFO] [HTTP] GET /subway/shape/4 → 200 (1.0ms)
2026-02-17 01:11:15 [INFO] [TRACK] Subway shape '5': 6 polyline(s), 101 stops, 2 directions
2026-02-17 01:11:15 [INFO] [HTTP] GET /subway/shape/5 → 200 (2.3ms)
2026-02-17 01:11:15 [INFO] [TRACK] Subway shape '6': 2 polyline(s), 76 stops, 2 directions
2026-02-17 01:11:15 [INFO] [HTTP] GET /subway/shape/6 → 200 (0.9ms)
2026-02-17 01:11:15 [INFO] [TRACK] Subway shape '7': 2 polyline(s), 42 stops, 2 directions
2026-02-17 01:11:15 [INFO] [HTTP] GET /subway/shape/7 → 200 (0.7ms)
2026-02-17 01:11:15 [INFO] [TRACK] Subway shape 'A': 6 polyline(s), 131 stops, 2 directions
2026-02-17 01:11:15 [INFO] [HTTP] GET /subway/shape/A → 200 (3.4ms)
2026-02-17 01:11:15 [INFO] [TRACK] Subway shape 'C': 2 polyline(s), 80 stops, 2 directions
2026-02-17 01:11:15 [INFO] [HTTP] GET /subway/shape/C → 200 (1.0ms)
2026-02-17 01:11:15 [INFO] [TRACK] Subway shape 'E': 4 polyline(s), 70 stops, 2 directions
2026-02-17 01:11:15 [INFO] [HTTP] GET /subway/shape/E → 200 (1.5ms)
2026-02-17 01:11:15 [INFO] [TRACK] Subway shape 'B': 2 polyline(s), 72 stops, 2 directions
2026-02-17 01:11:15 [INFO] [HTTP] GET /subway/shape/B → 200 (1.1ms)
2026-02-17 01:11:15 [INFO] [TRACK] Subway shape 'D': 2 polyline(s), 82 stops, 2 directions
2026-02-17 01:11:15 [INFO] [HTTP] GET /subway/shape/D → 200 (1.2ms)
2026-02-17 01:11:15 [INFO] [TRACK] Subway shape 'F': 4 polyline(s), 118 stops, 2 directions
2026-02-17 01:11:15 [INFO] [HTTP] GET /subway/shape/F → 200 (2.7ms)
2026-02-17 01:11:15 [INFO] [TRACK] Subway shape 'M': 2 polyline(s), 72 stops, 2 directions
2026-02-17 01:11:15 [INFO] [HTTP] GET /subway/shape/M → 200 (1.0ms)
2026-02-17 01:11:15 [INFO] [TRACK] Subway shape 'G': 2 polyline(s), 42 stops, 2 directions
2026-02-17 01:11:15 [INFO] [HTTP] GET /subway/shape/G → 200 (0.7ms)
2026-02-17 01:11:15 [INFO] [TRACK] Subway shape 'J': 2 polyline(s), 60 stops, 2 directions
2026-02-17 01:11:15 [INFO] [HTTP] GET /subway/shape/J → 200 (0.9ms)
2026-02-17 01:11:15 [INFO] [TRACK] Subway shape 'Z': 2 polyline(s), 42 stops, 2 directions
2026-02-17 01:11:15 [INFO] [HTTP] GET /subway/shape/Z → 200 (0.9ms)
2026-02-17 01:11:15 [INFO] [TRACK] Subway shape 'L': 2 polyline(s), 48 stops, 2 directions
2026-02-17 01:11:15 [INFO] [HTTP] GET /subway/shape/L → 200 (0.6ms)
2026-02-17 01:11:15 [INFO] [TRACK] Subway shape 'N': 6 polyline(s), 99 stops, 2 directions
2026-02-17 01:11:15 [INFO] [HTTP] GET /subway/shape/N → 200 (2.5ms)
2026-02-17 01:11:15 [INFO] [TRACK] Subway shape 'Q': 2 polyline(s), 68 stops, 2 directions
2026-02-17 01:11:15 [INFO] [HTTP] GET /subway/shape/Q → 200 (0.9ms)
2026-02-17 01:11:15 [INFO] [TRACK] Subway shape 'R': 4 polyline(s), 94 stops, 2 directions
2026-02-17 01:11:15 [INFO] [HTTP] GET /subway/shape/R → 200 (1.9ms)
2026-02-17 01:11:15 [INFO] [TRACK] Subway shape 'W': 3 polyline(s), 91 stops, 2 directions
2026-02-17 01:11:15 [INFO] [HTTP] GET /subway/shape/W → 200 (1.4ms)
2026-02-17 01:11:15 [INFO] [TRACK] Subway shape '1': 2 polyline(s), 76 stops, 2 directions
2026-02-17 01:11:15 [INFO] [HTTP] GET /subway/shape/1 → 200 (0.7ms)
2026-02-17 01:11:15 [INFO] [TRACK] Subway shape '2': 4 polyline(s), 142 stops, 2 directions
2026-02-17 01:11:15 [INFO] [HTTP] GET /subway/shape/2 → 200 (1.7ms)
2026-02-17 01:11:15 [INFO] [TRACK] Subway shape '3': 2 polyline(s), 68 stops, 2 directions
2026-02-17 01:11:15 [INFO] [HTTP] GET /subway/shape/3 → 200 (0.7ms)
2026-02-17 01:11:15 [INFO] [TRACK] Subway shape '4': 2 polyline(s), 108 stops, 2 directions
2026-02-17 01:11:15 [INFO] [HTTP] GET /subway/shape/4 → 200 (1.0ms)
2026-02-17 01:11:15 [INFO] [TRACK] Subway shape '5': 6 polyline(s), 101 stops, 2 directions
2026-02-17 01:11:15 [INFO] [HTTP] GET /subway/shape/5 → 200 (2.3ms)
2026-02-17 01:11:15 [INFO] [TRACK] Subway shape '6': 2 polyline(s), 76 stops, 2 directions
2026-02-17 01:11:15 [INFO] [HTTP] GET /subway/shape/6 → 200 (0.9ms)
2026-02-17 01:11:15 [INFO] [TRACK] Subway shape '7': 2 polyline(s), 42 stops, 2 directions
2026-02-17 01:11:15 [INFO] [HTTP] GET /subway/shape/7 → 200 (0.6ms)
2026-02-17 01:11:15 [INFO] [TRACK] Subway shape 'A': 6 polyline(s), 131 stops, 2 directions
2026-02-17 01:11:15 [INFO] [HTTP] GET /subway/shape/A → 200 (3.3ms)
2026-02-17 01:11:15 [INFO] [TRACK] Subway shape 'C': 2 polyline(s), 80 stops, 2 directions
2026-02-17 01:11:15 [INFO] [HTTP] GET /subway/shape/C → 200 (1.0ms)
2026-02-17 01:11:15 [INFO] [TRACK] Subway shape 'E': 4 polyline(s), 70 stops, 2 directions
2026-02-17 01:11:15 [INFO] [HTTP] GET /subway/shape/E → 200 (1.5ms)
2026-02-17 01:11:15 [INFO] [TRACK] Subway shape 'B': 2 polyline(s), 72 stops, 2 directions
2026-02-17 01:11:15 [INFO] [HTTP] GET /subway/shape/B → 200 (1.1ms)
2026-02-17 01:11:15 [INFO] [TRACK] Subway shape 'D': 2 polyline(s), 82 stops, 2 directions
2026-02-17 01:11:15 [INFO] [HTTP] GET /subway/shape/D → 200 (1.2ms)
2026-02-17 01:11:15 [INFO] [TRACK] Subway shape 'F': 4 polyline(s), 118 stops, 2 directions
2026-02-17 01:11:15 [INFO] [HTTP] GET /subway/shape/F → 200 (2.7ms)
2026-02-17 01:11:15 [INFO] [TRACK] Subway shape 'M': 2 polyline(s), 72 stops, 2 directions
2026-02-17 01:11:15 [INFO] [HTTP] GET /subway/shape/M → 200 (1.0ms)
2026-02-17 01:11:15 [INFO] [TRACK] Subway shape 'G': 2 polyline(s), 42 stops, 2 directions
2026-02-17 01:11:15 [INFO] [HTTP] GET /subway/shape/G → 200 (0.7ms)
2026-02-17 01:11:15 [INFO] [TRACK] Subway shape 'J': 2 polyline(s), 60 stops, 2 directions
2026-02-17 01:11:15 [INFO] [HTTP] GET /subway/shape/J → 200 (0.9ms)
2026-02-17 01:11:15 [INFO] [TRACK] Subway shape 'Z': 2 polyline(s), 42 stops, 2 directions
2026-02-17 01:11:15 [INFO] [HTTP] GET /subway/shape/Z → 200 (0.9ms)
2026-02-17 01:11:15 [INFO] [TRACK] Subway shape 'L': 2 polyline(s), 48 stops, 2 directions
2026-02-17 01:11:15 [INFO] [HTTP] GET /subway/shape/L → 200 (0.6ms)
2026-02-17 01:11:15 [INFO] [TRACK] Subway shape 'N': 6 polyline(s), 99 stops, 2 directions
2026-02-17 01:11:15 [INFO] [HTTP] GET /subway/shape/N → 200 (2.6ms)
2026-02-17 01:11:15 [INFO] [TRACK] Subway shape 'Q': 2 polyline(s), 68 stops, 2 directions
2026-02-17 01:11:15 [INFO] [HTTP] GET /subway/shape/Q → 200 (0.9ms)
2026-02-17 01:11:15 [INFO] [TRACK] Subway shape 'R': 4 polyline(s), 94 stops, 2 directions
2026-02-17 01:11:15 [INFO] [HTTP] GET /subway/shape/R → 200 (1.9ms)
2026-02-17 01:11:15 [INFO] [TRACK] Subway shape 'W': 3 polyline(s), 91 stops, 2 directions
2026-02-17 01:11:15 [INFO] [HTTP] GET /subway/shape/W → 200 (1.4ms)
2026-02-17 01:11:15 [INFO] [TRACK] LIRR shapes: 12 branches loaded
2026-02-17 01:11:15 [INFO] [HTTP] GET /lirr/shape/1 → 200 (19.4ms)
2026-02-17 01:11:15 [INFO] [HTTP] GET /lirr/shape/2 → 200 (3.7ms)
2026-02-17 01:11:15 [INFO] [HTTP] GET /lirr/shape/3 → 200 (6.1ms)
2026-02-17 01:11:15 [INFO] [HTTP] GET /lirr/shape/4 → 200 (7.4ms)
2026-02-17 01:11:15 [INFO] [HTTP] GET /lirr/shape/5 → 200 (44.3ms)
2026-02-17 01:11:15 [INFO] [HTTP] GET /lirr/shape/6 → 200 (6.0ms)
2026-02-17 01:11:15 [INFO] [HTTP] GET /lirr/shape/7 → 200 (5.4ms)
2026-02-17 01:11:15 [INFO] [HTTP] GET /lirr/shape/8 → 200 (4.5ms)
2026-02-17 01:11:15 [INFO] [HTTP] GET /lirr/shape/9 → 200 (4.1ms)
2026-02-17 01:11:15 [INFO] [HTTP] GET /lirr/shape/10 → 200 (23.5ms)
2026-02-17 01:11:15 [INFO] [HTTP] GET /lirr/shape/1 → 200 (19.4ms)
2026-02-17 01:11:15 [INFO] [HTTP] GET /lirr/shape/LIRR_1 → 200 (32.1ms)
2026-02-17 01:11:15 [INFO] [HTTP] GET /lirr/shape/2 → 200 (3.7ms)
2026-02-17 01:11:15 [INFO] [HTTP] GET /lirr/shape/LIRR_2 → 200 (3.6ms)
2026-02-17 01:11:15 [INFO] [HTTP] GET /lirr/shape/3 → 200 (6.1ms)
2026-02-17 01:11:15 [INFO] [HTTP] GET /lirr/shape/LIRR_3 → 200 (5.9ms)
2026-02-17 01:11:15 [INFO] [HTTP] GET /lirr/shape/4 → 200 (7.4ms)
2026-02-17 01:11:15 [INFO] [HTTP] GET /lirr/shape/LIRR_4 → 200 (7.4ms)
2026-02-17 01:11:15 [INFO] [HTTP] GET /lirr/shape/5 → 200 (44.5ms)
2026-02-17 01:11:15 [INFO] [HTTP] GET /lirr/shape/LIRR_5 → 200 (44.0ms)
2026-02-17 01:11:15 [INFO] [HTTP] GET /lirr/shape/6 → 200 (5.9ms)
2026-02-17 01:11:15 [INFO] [HTTP] GET /lirr/shape/LIRR_6 → 200 (5.9ms)
2026-02-17 01:11:15 [INFO] [HTTP] GET /lirr/shape/7 → 200 (5.4ms)
2026-02-17 01:11:15 [INFO] [HTTP] GET /lirr/shape/LIRR_7 → 200 (5.3ms)
2026-02-17 01:11:15 [INFO] [HTTP] GET /lirr/shape/8 → 200 (4.5ms)
2026-02-17 01:11:15 [INFO] [HTTP] GET /lirr/shape/LIRR_8 → 200 (4.5ms)
2026-02-17 01:11:15 [INFO] [HTTP] GET /lirr/shape/9 → 200 (4.1ms)
2026-02-17 01:11:15 [INFO] [HTTP] GET /lirr/shape/LIRR_9 → 200 (4.1ms)
2026-02-17 01:11:15 [INFO] [HTTP] GET /lirr/shape/10 → 200 (23.6ms)
2026-02-17 01:11:15 [INFO] [HTTP] GET /lirr/shape/LIRR_10 → 200 (23.4ms)
2026-02-17 01:11:15 [INFO] [TRACK] LIRR shapes: 12 branches loaded
2026-02-17 01:11:15 [INFO] [HTTP] GET /lirr/shapes/all → 200 (62.6ms)
2026-02-17 01:11:16 [INFO] [TRACK] MNR shapes: 6 branches loaded
2026-02-17 01:11:16 [INFO] [HTTP] GET /mnr/shape/1 → 200 (9.6ms)
2026-02-17 01:11:16 [INFO] [HTTP] GET /mnr/shape/2 → 200 (10.7ms)
2026-02-17 01:11:16 [INFO] [HTTP] GET /mnr/shape/3 → 200 (9.6ms)
2026-02-17 01:11:16 [INFO] [HTTP] GET /mnr/shape/4 → 200 (5.4ms)
2026-02-17 01:11:16 [INFO] [HTTP] GET /mnr/shape/5 → 200 (8.4ms)
2026-02-17 01:11:16 [INFO] [HTTP] GET /mnr/shape/6 → 200 (11.4ms)
2026-02-17 01:11:16 [INFO] [HTTP] GET /mnr/shape/1 → 200 (9.4ms)
2026-02-17 01:11:16 [INFO] [HTTP] GET /mnr/shape/MNR_1 → 200 (9.3ms)
2026-02-17 01:11:16 [INFO] [HTTP] GET /mnr/shape/2 → 200 (10.6ms)
2026-02-17 01:11:16 [INFO] [HTTP] GET /mnr/shape/MNR_2 → 200 (23.5ms)
2026-02-17 01:11:16 [INFO] [HTTP] GET /mnr/shape/3 → 200 (9.6ms)
2026-02-17 01:11:16 [INFO] [HTTP] GET /mnr/shape/MNR_3 → 200 (9.5ms)
2026-02-17 01:11:16 [INFO] [HTTP] GET /mnr/shape/4 → 200 (5.5ms)
2026-02-17 01:11:16 [INFO] [HTTP] GET /mnr/shape/MNR_4 → 200 (5.4ms)
2026-02-17 01:11:16 [INFO] [HTTP] GET /mnr/shape/5 → 200 (8.5ms)
2026-02-17 01:11:16 [INFO] [HTTP] GET /mnr/shape/MNR_5 → 200 (8.5ms)
2026-02-17 01:11:16 [INFO] [HTTP] GET /mnr/shape/6 → 200 (11.7ms)
2026-02-17 01:11:16 [INFO] [HTTP] GET /mnr/shape/MNR_6 → 200 (14.2ms)
2026-02-17 01:11:16 [INFO] [TRACK] MNR shapes: 6 branches loaded
2026-02-17 01:11:16 [INFO] [HTTP] GET /mnr/shapes/all → 200 (26.4ms)
2026-02-17 01:11:16 [INFO] [HTTP] GET /bus/route-shape/MTA NYCT_B63 → 200 (0.2ms)
2026-02-17 01:11:16 [INFO] [HTTP] GET /bus/route-shape/MTA NYCT_B63 → 200 (0.2ms)
2026-02-17 01:11:16 [INFO] [HTTP] GET /bus/route-shape/UNKNOWN → 200 (0.1ms)
2026-02-17 01:11:16 [WARNING] [HTTP] GET /subway/shape/LIRR_5 → 404 (0.2ms)
2026-02-17 01:11:16 [INFO] [HTTP] GET /lirr/shape/5 → 200 (59.5ms)
2026-02-17 01:11:16 [WARNING] [HTTP] GET /subway/shape/MNR_1 → 404 (0.1ms)
2026-02-17 01:11:16 [INFO] [HTTP] GET /mnr/shape/1 → 200 (9.5ms)
2026-02-17 01:11:16 [INFO] [TRACK] Subway shape '5': 6 polyline(s), 101 stops, 2 directions
2026-02-17 01:11:16 [INFO] [HTTP] GET /subway/shape/5 → 200 (2.3ms)
2026-02-17 01:11:16 [INFO] [HTTP] GET /lirr/shape/5 → 200 (44.2ms)
2026-02-17 01:11:16 [INFO] [TRACK] Subway shape '1': 2 polyline(s), 76 stops, 2 directions
2026-02-17 01:11:16 [INFO] [HTTP] GET /subway/shape/1 → 200 (0.7ms)
2026-02-17 01:11:16 [INFO] [HTTP] GET /lirr/shape/1 → 200 (19.5ms)
2026-02-17 01:11:16 [INFO] [TRACK] Subway shape '2': 4 polyline(s), 142 stops, 2 directions
2026-02-17 01:11:16 [INFO] [HTTP] GET /subway/shape/2 → 200 (1.8ms)
2026-02-17 01:11:16 [INFO] [HTTP] GET /lirr/shape/2 → 200 (3.7ms)
2026-02-17 01:11:16 [INFO] [TRACK] Subway shape '3': 2 polyline(s), 68 stops, 2 directions
2026-02-17 01:11:16 [INFO] [HTTP] GET /subway/shape/3 → 200 (0.8ms)
2026-02-17 01:11:16 [INFO] [HTTP] GET /lirr/shape/3 → 200 (6.1ms)
2026-02-17 01:11:16 [INFO] [TRACK] Subway shape '4': 2 polyline(s), 108 stops, 2 directions
2026-02-17 01:11:16 [INFO] [HTTP] GET /subway/shape/4 → 200 (1.0ms)
2026-02-17 01:11:16 [INFO] [HTTP] GET /lirr/shape/4 → 200 (7.5ms)
2026-02-17 01:11:16 [INFO] [TRACK] Subway shape '6': 2 polyline(s), 76 stops, 2 directions
2026-02-17 01:11:16 [INFO] [HTTP] GET /subway/shape/6 → 200 (0.9ms)
2026-02-17 01:11:16 [INFO] [HTTP] GET /lirr/shape/6 → 200 (6.0ms)
2026-02-17 01:11:16 [INFO] [TRACK] Subway shape '7': 2 polyline(s), 42 stops, 2 directions
2026-02-17 01:11:16 [INFO] [HTTP] GET /subway/shape/7 → 200 (0.6ms)
2026-02-17 01:11:16 [INFO] [HTTP] GET /lirr/shape/7 → 200 (5.4ms)
2026-02-17 01:11:16 [WARNING] [HTTP] GET /subway/shape/ZZZ → 404 (0.1ms)
2026-02-17 01:11:16 [WARNING] [HTTP] GET /lirr/shape/99 → 404 (0.1ms)
2026-02-17 01:11:16 [WARNING] [HTTP] GET /mnr/shape/99 → 404 (0.1ms)
2026-02-17 01:11:16 [INFO] [TRACK] Subway shape 'A': 6 polyline(s), 131 stops, 2 directions
2026-02-17 01:11:16 [INFO] [HTTP] GET /subway/shape/A → 200 (3.4ms)
2026-02-17 01:11:16 [INFO] [TRACK] Subway shape 'L': 2 polyline(s), 48 stops, 2 directions
2026-02-17 01:11:16 [INFO] [HTTP] GET /subway/shape/L → 200 (0.7ms)
2026-02-17 01:11:16 [INFO] [TRACK] Subway shape '1': 2 polyline(s), 76 stops, 2 directions
2026-02-17 01:11:16 [INFO] [HTTP] GET /subway/shape/1 → 200 (0.7ms)
2026-02-17 01:11:16 [INFO] [TRACK] Subway shape '7': 2 polyline(s), 42 stops, 2 directions
2026-02-17 01:11:16 [INFO] [HTTP] GET /subway/shape/7 → 200 (0.6ms)
2026-02-17 01:11:16 [INFO] [TRACK] Subway shape 'G': 2 polyline(s), 42 stops, 2 directions
2026-02-17 01:11:16 [INFO] [HTTP] GET /subway/shape/G → 200 (0.8ms)
2026-02-17 01:11:16 [INFO] [HTTP] GET /lirr/shape/5 → 200 (45.0ms)
2026-02-17 01:11:16 [INFO] [HTTP] GET /mnr/shape/1 → 200 (9.4ms)
2026-02-17 01:11:16 [INFO] [TRACK] Subway shapes/all: 23 lines, 33 polylines returned
2026-02-17 01:11:16 [INFO] [HTTP] GET /subway/shapes/all → 200 (42.9ms)
2026-02-17 01:11:16 [INFO] [TRACK] Subway shapes/all: 23 lines, 33 polylines returned
2026-02-17 01:11:16 [INFO] [HTTP] GET /subway/shapes/all → 200 (42.9ms)
2026-02-17 01:11:16 [INFO] [TRACK] Subway shapes/all: 23 lines, 33 polylines returned
2026-02-17 01:11:16 [INFO] [HTTP] GET /subway/shapes/all → 200 (42.6ms)
2026-02-17 01:11:16 [INFO] [TRACK] Subway shapes/all: 23 lines, 33 polylines returned
2026-02-17 01:11:16 [INFO] [HTTP] GET /subway/shapes/all → 200 (42.7ms)
2026-02-17 01:11:16 [INFO] [TRACK] Subway shapes/all: 23 lines, 33 polylines returned
2026-02-17 01:11:16 [INFO] [HTTP] GET /subway/shapes/all → 200 (42.9ms)
2026-02-17 01:11:16 [INFO] [TRACK] Subway shapes/all: 23 lines, 33 polylines returned
2026-02-17 01:11:16 [INFO] [HTTP] GET /subway/shapes/all → 200 (42.9ms)
2026-02-17 01:11:16 [INFO] [TRACK] Subway shapes/all: 23 lines, 33 polylines returned
2026-02-17 01:11:16 [INFO] [HTTP] GET /subway/shapes/all → 200 (42.9ms)
2026-02-17 01:11:16 [INFO] [TRACK] Subway shapes/all: 23 lines, 33 polylines returned
2026-02-17 01:11:16 [INFO] [HTTP] GET /subway/shapes/all → 200 (42.8ms)
2026-02-17 01:11:16 [INFO] [TRACK] Subway stations/nearby: 21 stations within 1000m of (40.7580, -73.9850)
2026-02-17 01:11:16 [INFO] [HTTP] GET /subway/stations/nearby?lat=40.758&lon=-73.985&radius=1000 → 200 (2.0ms)
2026-02-17 01:11:16 [INFO] [HTTP] GET /subway/stations/all → 200 (2.5ms)
2026-02-17 01:11:16 [INFO] [TRACK] Subway stations/nearby: 9 stations within 500m of (40.7580, -73.9850)
2026-02-17 01:11:16 [INFO] [HTTP] GET /subway/stations/nearby?lat=40.758&lon=-73.985&radius=500 → 200 (1.8ms)
2026-02-17 01:11:16 [INFO] [TRACK] Subway stations/nearby: 21 stations within 1000m of (40.7580, -73.9850)
2026-02-17 01:11:16 [INFO] [HTTP] GET /subway/stations/nearby?lat=40.758&lon=-73.985&radius=1000 → 200 (1.7ms)
2026-02-17 01:11:16 [WARNING] [HTTP] GET /subway/stations/nearby → 422 (0.1ms)
2026-02-17 01:11:16 [INFO] [TRACK] Subway stations/nearby: 33 stations within 1600m of (40.7580, -73.9850)
2026-02-17 01:11:16 [INFO] [HTTP] GET /subway/stations/nearby?lat=40.758&lon=-73.985 → 200 (1.7ms)
2026-02-17 01:11:16 [INFO] [LOCATION] lat=40.70000, lon=-73.90000 (nearby/grouped)
2026-02-17 01:11:16 [INFO] [TRACK] Found 541 subway stop_ids within 8047m
2026-02-17 01:11:16 [DEBUG] [FEED] Fetching protobuf: https://api-endpoint.mta.info/Dataservice/mtagtfsfeeds/nyct%2Fgtfs-ace
2026-02-17 01:11:16 [DEBUG] [HTTP] Created new shared httpx.AsyncClient
2026-02-17 01:11:16 [DEBUG] [FEED] Fetching protobuf: https://api-endpoint.mta.info/Dataservice/mtagtfsfeeds/nyct%2Fgtfs-g
2026-02-17 01:11:16 [DEBUG] [FEED] Fetching protobuf: https://api-endpoint.mta.info/Dataservice/mtagtfsfeeds/nyct%2Fgtfs-nqrw
2026-02-17 01:11:16 [DEBUG] [FEED] Fetching protobuf: https://api-endpoint.mta.info/Dataservice/mtagtfsfeeds/nyct%2Fgtfs
2026-02-17 01:11:16 [DEBUG] [FEED] Fetching protobuf: https://api-endpoint.mta.info/Dataservice/mtagtfsfeeds/nyct%2Fgtfs-bdfm
2026-02-17 01:11:16 [DEBUG] [FEED] Fetching protobuf: https://api-endpoint.mta.info/Dataservice/mtagtfsfeeds/nyct%2Fgtfs-jz
2026-02-17 01:11:16 [DEBUG] [FEED] Fetching protobuf: https://api-endpoint.mta.info/Dataservice/mtagtfsfeeds/nyct%2Fgtfs-l
2026-02-17 01:11:17 [DEBUG] [FEED] Protobuf OK (42883 bytes): https://api-endpoint.mta.info/Dataservice/mtagtfsfeeds/nyct%2Fgtfs-nqrw
2026-02-17 01:11:17 [INFO] [SUBWAY] Feed N: 984 arrivals from 76 entities
2026-02-17 01:11:17 [DEBUG] [FEED] Protobuf OK (69076 bytes): https://api-endpoint.mta.info/Dataservice/mtagtfsfeeds/nyct%2Fgtfs
2026-02-17 01:11:17 [INFO] [SUBWAY] Feed 1: 1903 arrivals from 155 entities
2026-02-17 01:11:17 [DEBUG] [FEED] Protobuf OK (54722 bytes): https://api-endpoint.mta.info/Dataservice/mtagtfsfeeds/nyct%2Fgtfs-bdfm
2026-02-17 01:11:17 [INFO] [SUBWAY] Feed B: 1235 arrivals from 106 entities
2026-02-17 01:11:17 [DEBUG] [FEED] Protobuf OK (12461 bytes): https://api-endpoint.mta.info/Dataservice/mtagtfsfeeds/nyct%2Fgtfs-jz
2026-02-17 01:11:17 [INFO] [SUBWAY] Feed J: 276 arrivals from 26 entities
2026-02-17 01:11:17 [DEBUG] [FEED] Protobuf OK (7998 bytes): https://api-endpoint.mta.info/Dataservice/mtagtfsfeeds/nyct%2Fgtfs-g
2026-02-17 01:11:17 [INFO] [SUBWAY] Feed G: 170 arrivals from 20 entities
2026-02-17 01:11:17 [DEBUG] [FEED] Protobuf OK (52559 bytes): https://api-endpoint.mta.info/Dataservice/mtagtfsfeeds/nyct%2Fgtfs-ace
2026-02-17 01:11:17 [INFO] [SUBWAY] Feed A: 1158 arrivals from 114 entities
2026-02-17 01:11:17 [DEBUG] [FEED] Protobuf OK (8082 bytes): https://api-endpoint.mta.info/Dataservice/mtagtfsfeeds/nyct%2Fgtfs-l
2026-02-17 01:11:17 [INFO] [SUBWAY] Feed L: 146 arrivals from 16 entities
2026-02-17 01:11:17 [INFO] [TRACK] Subway: 7/7 feeds OK, 5872 raw → 1967 kept (nearby)
2026-02-17 01:11:17 [INFO] [TRACK] Filling in schedules for 188 stops with no live data
2026-02-17 01:11:17 [INFO] [HTTP] GET /nearby/grouped?lat=40.7&lon=-73.9&mode=subway → 200 (971.8ms)
2026-02-17 01:11:17 [INFO] [LOCATION] lat=40.70000, lon=-73.90000 (nearby/grouped)
2026-02-17 01:11:18 [INFO] [HTTP] GET /nearby/grouped?lat=40.7&lon=-73.9&mode=bus → 200 (792.2ms)
2026-02-17 01:11:18 [INFO] [LOCATION] lat=40.70000, lon=-73.90000 (nearby/grouped)
2026-02-17 01:11:18 [DEBUG] [CACHE] HIT  https://api-endpoint.mta.info/Dataservice/mtagtfsfeeds/lirr%2Fgtfs-lirr
2026-02-17 01:11:18 [INFO] [RAIL] lirr: 648 arrivals from 99 entities
2026-02-17 01:11:18 [INFO] [HTTP] GET /nearby/grouped?lat=40.7&lon=-73.9&mode=lirr → 200 (12.1ms)
2026-02-17 01:11:18 [INFO] [LOCATION] lat=40.70000, lon=-73.90000 (nearby/grouped)
2026-02-17 01:11:18 [INFO] [HTTP] GET /nearby/grouped?lat=40.7&lon=-73.9&mode=mnr → 200 (0.4ms)
2026-02-17 01:11:18 [INFO] [LOCATION] lat=40.70000, lon=-73.90000 (nearby/grouped)
2026-02-17 01:11:18 [INFO] [TRACK] Found 541 subway stop_ids within 8047m
2026-02-17 01:11:18 [DEBUG] [CACHE] HIT  https://api-endpoint.mta.info/Dataservice/mtagtfsfeeds/nyct%2Fgtfs-ace
2026-02-17 01:11:18 [INFO] [SUBWAY] Feed A: 1158 arrivals from 114 entities
2026-02-17 01:11:18 [DEBUG] [CACHE] HIT  https://api-endpoint.mta.info/Dataservice/mtagtfsfeeds/nyct%2Fgtfs-g
2026-02-17 01:11:18 [INFO] [SUBWAY] Feed G: 170 arrivals from 20 entities
2026-02-17 01:11:18 [DEBUG] [CACHE] HIT  https://api-endpoint.mta.info/Dataservice/mtagtfsfeeds/nyct%2Fgtfs-nqrw
2026-02-17 01:11:18 [INFO] [SUBWAY] Feed N: 984 arrivals from 76 entities
2026-02-17 01:11:18 [DEBUG] [CACHE] HIT  https://api-endpoint.mta.info/Dataservice/mtagtfsfeeds/nyct%2Fgtfs
2026-02-17 01:11:18 [INFO] [SUBWAY] Feed 1: 1903 arrivals from 155 entities
2026-02-17 01:11:18 [DEBUG] [CACHE] HIT  https://api-endpoint.mta.info/Dataservice/mtagtfsfeeds/nyct%2Fgtfs-bdfm
2026-02-17 01:11:18 [INFO] [SUBWAY] Feed B: 1235 arrivals from 106 entities
2026-02-17 01:11:18 [DEBUG] [CACHE] HIT  https://api-endpoint.mta.info/Dataservice/mtagtfsfeeds/nyct%2Fgtfs-jz
2026-02-17 01:11:18 [INFO] [SUBWAY] Feed J: 276 arrivals from 26 entities
2026-02-17 01:11:18 [DEBUG] [CACHE] HIT  https://api-endpoint.mta.info/Dataservice/mtagtfsfeeds/nyct%2Fgtfs-l
2026-02-17 01:11:18 [INFO] [SUBWAY] Feed L: 146 arrivals from 16 entities
2026-02-17 01:11:18 [INFO] [TRACK] Subway: 7/7 feeds OK, 5872 raw → 1966 kept (nearby)
2026-02-17 01:11:18 [INFO] [TRACK] Filling in schedules for 188 stops with no live data
2026-02-17 01:11:18 [INFO] [HTTP] GET /nearby/grouped?lat=40.7&lon=-73.9&mode=subway → 200 (60.3ms)
2026-02-17 01:11:18 [INFO] [LOCATION] lat=40.70000, lon=-73.90000 (nearby/grouped)
2026-02-17 01:11:18 [INFO] [TRACK] Found 541 subway stop_ids within 8047m
2026-02-17 01:11:18 [DEBUG] [CACHE] HIT  https://api-endpoint.mta.info/Dataservice/mtagtfsfeeds/lirr%2Fgtfs-lirr
2026-02-17 01:11:18 [INFO] [RAIL] lirr: 648 arrivals from 99 entities
2026-02-17 01:11:18 [DEBUG] [CACHE] HIT  https://api-endpoint.mta.info/Dataservice/mtagtfsfeeds/nyct%2Fgtfs-ace
2026-02-17 01:11:18 [INFO] [SUBWAY] Feed A: 1158 arrivals from 114 entities
2026-02-17 01:11:18 [DEBUG] [CACHE] HIT  https://api-endpoint.mta.info/Dataservice/mtagtfsfeeds/nyct%2Fgtfs-g
2026-02-17 01:11:18 [INFO] [SUBWAY] Feed G: 170 arrivals from 20 entities
2026-02-17 01:11:18 [DEBUG] [CACHE] HIT  https://api-endpoint.mta.info/Dataservice/mtagtfsfeeds/nyct%2Fgtfs-nqrw
2026-02-17 01:11:18 [INFO] [SUBWAY] Feed N: 984 arrivals from 76 entities
2026-02-17 01:11:18 [DEBUG] [CACHE] HIT  https://api-endpoint.mta.info/Dataservice/mtagtfsfeeds/nyct%2Fgtfs
2026-02-17 01:11:18 [INFO] [SUBWAY] Feed 1: 1903 arrivals from 155 entities
2026-02-17 01:11:18 [DEBUG] [CACHE] HIT  https://api-endpoint.mta.info/Dataservice/mtagtfsfeeds/nyct%2Fgtfs-bdfm
2026-02-17 01:11:18 [INFO] [SUBWAY] Feed B: 1235 arrivals from 106 entities
2026-02-17 01:11:18 [DEBUG] [CACHE] HIT  https://api-endpoint.mta.info/Dataservice/mtagtfsfeeds/nyct%2Fgtfs-jz
2026-02-17 01:11:18 [INFO] [SUBWAY] Feed J: 276 arrivals from 26 entities
2026-02-17 01:11:18 [DEBUG] [CACHE] HIT  https://api-endpoint.mta.info/Dataservice/mtagtfsfeeds/nyct%2Fgtfs-l
2026-02-17 01:11:18 [INFO] [SUBWAY] Feed L: 146 arrivals from 16 entities
2026-02-17 01:11:19 [INFO] [TRACK] Subway: 7/7 feeds OK, 5872 raw → 1966 kept (nearby)
2026-02-17 01:11:19 [INFO] [TRACK] Filling in schedules for 188 stops with no live data
2026-02-17 01:11:19 [INFO] [HTTP] GET /nearby/grouped?lat=40.7&lon=-73.9 → 200 (628.8ms)
2026-02-17 01:11:19 [INFO] [HTTP] GET /config → 200 (0.2ms)
2026-02-17 01:11:19 [INFO] [HTTP] GET /config → 200 (0.1ms)
2026-02-17 01:11:45 [INFO] [STARTUP] Track backend starting up
2026-02-17 01:11:45 [INFO] [STARTUP] Log file: /Users/jeffreyfernandez/code/Track/TrackBackend/logs/track.log
2026-02-17 01:11:52 [INFO] [STARTUP] Track backend starting up
2026-02-17 01:11:52 [INFO] [STARTUP] Log file: /Users/jeffreyfernandez/code/Track/TrackBackend/logs/track.log
2026-02-17 01:12:21 [INFO] [TRACK] Subway shapes/all: 23 lines, 33 polylines returned
2026-02-17 01:12:21 [INFO] [HTTP] GET /subway/shapes/all → 200 (224.2ms)
2026-02-17 01:12:21 [INFO] [LOCATION] lat=40.67496, lon=-73.81257 (nearby/grouped)
2026-02-17 01:12:21 [INFO] [DATA] Loaded 1488 stops from subway (stops.txt)
2026-02-17 01:12:21 [INFO] [DATA] Loaded 217 stops from lirr (stops.txt)
2026-02-17 01:12:21 [INFO] [DATA] Loaded 151 stops from mnr (stops.txt)
2026-02-17 01:12:21 [INFO] [DATA] Station lookup ready: 1856 total stop entries
2026-02-17 01:12:21 [INFO] [TRACK] Found 586 subway stop_ids within 14500m
2026-02-17 01:12:22 [DEBUG] [FEED] Fetching protobuf: https://api-endpoint.mta.info/Dataservice/mtagtfsfeeds/lirr%2Fgtfs-lirr
2026-02-17 01:12:22 [DEBUG] [HTTP] Created new shared httpx.AsyncClient
2026-02-17 01:12:22 [INFO] [LOCATION] lat=40.67496, lon=-73.81257 (nearby)
2026-02-17 01:12:22 [DEBUG] [FEED] Fetching protobuf: https://api-endpoint.mta.info/Dataservice/mtagtfsfeeds/nyct%2Fgtfs-ace
2026-02-17 01:12:22 [DEBUG] [FEED] Fetching protobuf: https://api-endpoint.mta.info/Dataservice/mtagtfsfeeds/nyct%2Fgtfs-g
2026-02-17 01:12:22 [DEBUG] [FEED] Fetching protobuf: https://api-endpoint.mta.info/Dataservice/mtagtfsfeeds/nyct%2Fgtfs-nqrw
2026-02-17 01:12:22 [DEBUG] [FEED] Fetching protobuf: https://api-endpoint.mta.info/Dataservice/mtagtfsfeeds/nyct%2Fgtfs
2026-02-17 01:12:22 [DEBUG] [FEED] Fetching protobuf: https://api-endpoint.mta.info/Dataservice/mtagtfsfeeds/nyct%2Fgtfs-bdfm
2026-02-17 01:12:22 [DEBUG] [FEED] Fetching protobuf: https://api-endpoint.mta.info/Dataservice/mtagtfsfeeds/nyct%2Fgtfs-jz
2026-02-17 01:12:22 [DEBUG] [FEED] Fetching protobuf: https://api-endpoint.mta.info/Dataservice/mtagtfsfeeds/nyct%2Fgtfs-l
2026-02-17 01:12:22 [INFO] [TRACK] Found 586 subway stop_ids within 14500m
2026-02-17 01:12:22 [DEBUG] [FEED] Fetching protobuf: https://api-endpoint.mta.info/Dataservice/mtagtfsfeeds/lirr%2Fgtfs-lirr
2026-02-17 01:12:22 [DEBUG] [FEED] Fetching JSON: https://api-endpoint.mta.info/Dataservice/mtagtfsfeeds/nyct%2Fnyct_ene.json
2026-02-17 01:12:22 [DEBUG] [FEED] Fetching protobuf: https://api-endpoint.mta.info/Dataservice/mtagtfsfeeds/nyct%2Fgtfs-ace
2026-02-17 01:12:22 [DEBUG] [FEED] Fetching protobuf: https://api-endpoint.mta.info/Dataservice/mtagtfsfeeds/nyct%2Fgtfs-g
2026-02-17 01:12:22 [DEBUG] [FEED] Fetching protobuf: https://api-endpoint.mta.info/Dataservice/mtagtfsfeeds/nyct%2Fgtfs-nqrw
2026-02-17 01:12:22 [DEBUG] [FEED] Fetching protobuf: https://api-endpoint.mta.info/Dataservice/mtagtfsfeeds/nyct%2Fgtfs
2026-02-17 01:12:22 [DEBUG] [FEED] Fetching protobuf: https://api-endpoint.mta.info/Dataservice/mtagtfsfeeds/nyct%2Fgtfs-bdfm
2026-02-17 01:12:22 [DEBUG] [FEED] Fetching protobuf: https://api-endpoint.mta.info/Dataservice/mtagtfsfeeds/nyct%2Fgtfs-jz
2026-02-17 01:12:22 [DEBUG] [FEED] Fetching protobuf: https://api-endpoint.mta.info/Dataservice/mtagtfsfeeds/nyct%2Fgtfs-l
2026-02-17 01:12:22 [DEBUG] [FEED] Fetching JSON: https://api-endpoint.mta.info/Dataservice/mtagtfsfeeds/camsys%2Fsubway-alerts.json
2026-02-17 01:12:22 [DEBUG] [FEED] Fetching JSON: https://api-endpoint.mta.info/Dataservice/mtagtfsfeeds/camsys%2Fbus-alerts.json
2026-02-17 01:12:22 [DEBUG] [FEED] Fetching JSON: https://api-endpoint.mta.info/Dataservice/mtagtfsfeeds/camsys%2Flirr-alerts.json
2026-02-17 01:12:22 [DEBUG] [FEED] Fetching JSON: https://api-endpoint.mta.info/Dataservice/mtagtfsfeeds/camsys%2Fmnr-alerts.json
2026-02-17 01:12:22 [INFO] [TRACK] LIRR shapes: 12 branches loaded
2026-02-17 01:12:22 [INFO] [HTTP] GET /lirr/shapes/all → 200 (215.7ms)
2026-02-17 01:12:22 [INFO] [TRACK] MNR shapes: 6 branches loaded
2026-02-17 01:12:22 [DEBUG] [FEED] Protobuf OK (8035 bytes): https://api-endpoint.mta.info/Dataservice/mtagtfsfeeds/nyct%2Fgtfs-l
2026-02-17 01:12:22 [INFO] [SUBWAY] Feed L: 145 arrivals from 16 entities
2026-02-17 01:12:22 [DEBUG] [FEED] Protobuf OK (8035 bytes): https://api-endpoint.mta.info/Dataservice/mtagtfsfeeds/nyct%2Fgtfs-l
2026-02-17 01:12:22 [INFO] [SUBWAY] Feed L: 145 arrivals from 16 entities
2026-02-17 01:12:22 [DEBUG] [FEED] Protobuf OK (7924 bytes): https://api-endpoint.mta.info/Dataservice/mtagtfsfeeds/nyct%2Fgtfs-g
2026-02-17 01:12:22 [INFO] [SUBWAY] Feed G: 168 arrivals from 20 entities
2026-02-17 01:12:22 [DEBUG] [FEED] Protobuf OK (54110 bytes): https://api-endpoint.mta.info/Dataservice/mtagtfsfeeds/nyct%2Fgtfs-bdfm
2026-02-17 01:12:22 [INFO] [SUBWAY] Feed B: 1223 arrivals from 104 entities
2026-02-17 01:12:22 [DEBUG] [FEED] Protobuf OK (53765 bytes): https://api-endpoint.mta.info/Dataservice/mtagtfsfeeds/nyct%2Fgtfs-ace
2026-02-17 01:12:22 [INFO] [SUBWAY] Feed A: 1186 arrivals from 116 entities
2026-02-17 01:12:22 [DEBUG] [FEED] JSON OK: https://api-endpoint.mta.info/Dataservice/mtagtfsfeeds/camsys%2Fmnr-alerts.json
2026-02-17 01:12:22 [INFO] [HTTP] GET /mnr/shapes/all → 200 (144.1ms)
2026-02-17 01:12:22 [DEBUG] [FEED] Protobuf OK (42439 bytes): https://api-endpoint.mta.info/Dataservice/mtagtfsfeeds/nyct%2Fgtfs-nqrw
2026-02-17 01:12:22 [INFO] [SUBWAY] Feed N: 972 arrivals from 76 entities
2026-02-17 01:12:22 [DEBUG] [FEED] Protobuf OK (34508 bytes): https://api-endpoint.mta.info/Dataservice/mtagtfsfeeds/lirr%2Fgtfs-lirr
2026-02-17 01:12:22 [INFO] [RAIL] lirr: 648 arrivals from 100 entities
2026-02-17 01:12:22 [DEBUG] [FEED] Protobuf OK (42439 bytes): https://api-endpoint.mta.info/Dataservice/mtagtfsfeeds/nyct%2Fgtfs-nqrw
2026-02-17 01:12:22 [INFO] [SUBWAY] Feed N: 972 arrivals from 76 entities
2026-02-17 01:12:22 [DEBUG] [FEED] Protobuf OK (53765 bytes): https://api-endpoint.mta.info/Dataservice/mtagtfsfeeds/nyct%2Fgtfs-ace
2026-02-17 01:12:22 [INFO] [SUBWAY] Feed A: 1186 arrivals from 116 entities
2026-02-17 01:12:22 [DEBUG] [FEED] JSON OK: https://api-endpoint.mta.info/Dataservice/mtagtfsfeeds/nyct%2Fnyct_ene.json
2026-02-17 01:12:22 [INFO] [DATA] Elevator/escalator outages: 0 out of service
2026-02-17 01:12:22 [DEBUG] [FEED] JSON OK: https://api-endpoint.mta.info/Dataservice/mtagtfsfeeds/camsys%2Fbus-alerts.json
2026-02-17 01:12:22 [DEBUG] [FEED] Protobuf OK (12461 bytes): https://api-endpoint.mta.info/Dataservice/mtagtfsfeeds/nyct%2Fgtfs-jz
2026-02-17 01:12:22 [INFO] [SUBWAY] Feed J: 276 arrivals from 26 entities
2026-02-17 01:12:22 [DEBUG] [FEED] Protobuf OK (67319 bytes): https://api-endpoint.mta.info/Dataservice/mtagtfsfeeds/nyct%2Fgtfs
2026-02-17 01:12:22 [INFO] [SUBWAY] Feed 1: 1852 arrivals from 152 entities
2026-02-17 01:12:22 [DEBUG] [FEED] Protobuf OK (54110 bytes): https://api-endpoint.mta.info/Dataservice/mtagtfsfeeds/nyct%2Fgtfs-bdfm
2026-02-17 01:12:22 [INFO] [SUBWAY] Feed B: 1223 arrivals from 104 entities
2026-02-17 01:12:22 [DEBUG] [FEED] Protobuf OK (7924 bytes): https://api-endpoint.mta.info/Dataservice/mtagtfsfeeds/nyct%2Fgtfs-g
2026-02-17 01:12:22 [INFO] [SUBWAY] Feed G: 168 arrivals from 20 entities
2026-02-17 01:12:22 [DEBUG] [FEED] Protobuf OK (67319 bytes): https://api-endpoint.mta.info/Dataservice/mtagtfsfeeds/nyct%2Fgtfs
2026-02-17 01:12:22 [INFO] [SUBWAY] Feed 1: 1852 arrivals from 152 entities
2026-02-17 01:12:22 [DEBUG] [FEED] JSON OK: https://api-endpoint.mta.info/Dataservice/mtagtfsfeeds/camsys%2Flirr-alerts.json
2026-02-17 01:12:22 [DEBUG] [FEED] JSON OK: https://api-endpoint.mta.info/Dataservice/mtagtfsfeeds/camsys%2Fsubway-alerts.json
2026-02-17 01:12:22 [DEBUG] [FEED] Protobuf OK (34508 bytes): https://api-endpoint.mta.info/Dataservice/mtagtfsfeeds/lirr%2Fgtfs-lirr
2026-02-17 01:12:22 [INFO] [RAIL] lirr: 648 arrivals from 100 entities
2026-02-17 01:12:22 [DEBUG] [FEED] Protobuf OK (12461 bytes): https://api-endpoint.mta.info/Dataservice/mtagtfsfeeds/nyct%2Fgtfs-jz
2026-02-17 01:12:22 [INFO] [SUBWAY] Feed J: 276 arrivals from 26 entities
2026-02-17 01:12:22 [INFO] [HTTP] GET /accessibility → 200 (647.1ms)
2026-02-17 01:12:23 [INFO] [TRACK] Subway: 7/7 feeds OK, 5822 raw → 2028 kept (nearby)
2026-02-17 01:12:23 [INFO] [TRACK] Filling in schedules for 217 stops with no live data
2026-02-17 01:12:24 [INFO] [ALERTS] Fetched 271 alerts across 4 feeds
2026-02-17 01:12:24 [INFO] [TRACK] Subway: 7/7 feeds OK, 5822 raw → 2028 kept (nearby)
2026-02-17 01:12:24 [INFO] [TRACK] Filling in schedules for 217 stops with no live data
2026-02-17 01:12:24 [INFO] [HTTP] GET /alerts → 200 (2365.3ms)
2026-02-17 01:12:24 [INFO] [HTTP] GET /subway/stations/all → 200 (364.6ms)
2026-02-17 01:12:25 [INFO] [HTTP] GET /nearby/grouped?lat=40.67496443852312&lon=-73.81257174377635&radius=14500 → 200 (3102.9ms)
2026-02-17 01:12:25 [INFO] [HTTP] GET /nearby?lat=40.67496443852312&lon=-73.81257174377635&radius=14500 → 200 (3188.6ms)
2026-02-17 01:12:51 [INFO] [LOCATION] lat=40.67496, lon=-73.81257 (nearby)
2026-02-17 01:12:51 [INFO] [TRACK] Found 178 subway stop_ids within 8047m
2026-02-17 01:12:51 [DEBUG] [CACHE] EXPIRED  https://api-endpoint.mta.info/Dataservice/mtagtfsfeeds/lirr%2Fgtfs-lirr
2026-02-17 01:12:51 [DEBUG] [FEED] Fetching protobuf: https://api-endpoint.mta.info/Dataservice/mtagtfsfeeds/lirr%2Fgtfs-lirr
2026-02-17 01:12:51 [DEBUG] [CACHE] EXPIRED  https://api-endpoint.mta.info/Dataservice/mtagtfsfeeds/nyct%2Fgtfs-ace
2026-02-17 01:12:51 [DEBUG] [FEED] Fetching protobuf: https://api-endpoint.mta.info/Dataservice/mtagtfsfeeds/nyct%2Fgtfs-ace
2026-02-17 01:12:51 [DEBUG] [CACHE] EXPIRED  https://api-endpoint.mta.info/Dataservice/mtagtfsfeeds/nyct%2Fgtfs-g
2026-02-17 01:12:51 [DEBUG] [FEED] Fetching protobuf: https://api-endpoint.mta.info/Dataservice/mtagtfsfeeds/nyct%2Fgtfs-g
2026-02-17 01:12:51 [DEBUG] [CACHE] EXPIRED  https://api-endpoint.mta.info/Dataservice/mtagtfsfeeds/nyct%2Fgtfs-nqrw
2026-02-17 01:12:51 [DEBUG] [FEED] Fetching protobuf: https://api-endpoint.mta.info/Dataservice/mtagtfsfeeds/nyct%2Fgtfs-nqrw
2026-02-17 01:12:51 [DEBUG] [CACHE] EXPIRED  https://api-endpoint.mta.info/Dataservice/mtagtfsfeeds/nyct%2Fgtfs
2026-02-17 01:12:51 [DEBUG] [FEED] Fetching protobuf: https://api-endpoint.mta.info/Dataservice/mtagtfsfeeds/nyct%2Fgtfs
2026-02-17 01:12:51 [DEBUG] [CACHE] EXPIRED  https://api-endpoint.mta.info/Dataservice/mtagtfsfeeds/nyct%2Fgtfs-bdfm
2026-02-17 01:12:51 [DEBUG] [FEED] Fetching protobuf: https://api-endpoint.mta.info/Dataservice/mtagtfsfeeds/nyct%2Fgtfs-bdfm
2026-02-17 01:12:51 [DEBUG] [CACHE] EXPIRED  https://api-endpoint.mta.info/Dataservice/mtagtfsfeeds/nyct%2Fgtfs-jz
2026-02-17 01:12:51 [DEBUG] [FEED] Fetching protobuf: https://api-endpoint.mta.info/Dataservice/mtagtfsfeeds/nyct%2Fgtfs-jz
2026-02-17 01:12:51 [DEBUG] [CACHE] EXPIRED  https://api-endpoint.mta.info/Dataservice/mtagtfsfeeds/nyct%2Fgtfs-l
2026-02-17 01:12:51 [DEBUG] [FEED] Fetching protobuf: https://api-endpoint.mta.info/Dataservice/mtagtfsfeeds/nyct%2Fgtfs-l
2026-02-17 01:12:51 [INFO] [LOCATION] lat=40.67496, lon=-73.81257 (nearby/grouped)
2026-02-17 01:12:51 [INFO] [TRACK] Found 178 subway stop_ids within 8047m
2026-02-17 01:12:51 [DEBUG] [FEED] Fetching protobuf: https://api-endpoint.mta.info/Dataservice/mtagtfsfeeds/lirr%2Fgtfs-lirr
2026-02-17 01:12:51 [DEBUG] [CACHE] EXPIRED  https://api-endpoint.mta.info/Dataservice/mtagtfsfeeds/nyct%2Fnyct_ene.json
2026-02-17 01:12:51 [DEBUG] [FEED] Fetching JSON: https://api-endpoint.mta.info/Dataservice/mtagtfsfeeds/nyct%2Fnyct_ene.json
2026-02-17 01:12:51 [DEBUG] [FEED] Fetching protobuf: https://api-endpoint.mta.info/Dataservice/mtagtfsfeeds/nyct%2Fgtfs-ace
2026-02-17 01:12:51 [DEBUG] [FEED] Fetching protobuf: https://api-endpoint.mta.info/Dataservice/mtagtfsfeeds/nyct%2Fgtfs-g
2026-02-17 01:12:51 [DEBUG] [FEED] Fetching protobuf: https://api-endpoint.mta.info/Dataservice/mtagtfsfeeds/nyct%2Fgtfs-nqrw
2026-02-17 01:12:51 [DEBUG] [FEED] Fetching protobuf: https://api-endpoint.mta.info/Dataservice/mtagtfsfeeds/nyct%2Fgtfs
2026-02-17 01:12:51 [DEBUG] [FEED] Fetching protobuf: https://api-endpoint.mta.info/Dataservice/mtagtfsfeeds/nyct%2Fgtfs-bdfm
2026-02-17 01:12:51 [DEBUG] [FEED] Fetching protobuf: https://api-endpoint.mta.info/Dataservice/mtagtfsfeeds/nyct%2Fgtfs-jz
2026-02-17 01:12:51 [DEBUG] [FEED] Fetching protobuf: https://api-endpoint.mta.info/Dataservice/mtagtfsfeeds/nyct%2Fgtfs-l
2026-02-17 01:12:51 [DEBUG] [CACHE] EXPIRED  https://api-endpoint.mta.info/Dataservice/mtagtfsfeeds/camsys%2Fsubway-alerts.js
2026-02-17 01:12:51 [DEBUG] [FEED] Fetching JSON: https://api-endpoint.mta.info/Dataservice/mtagtfsfeeds/camsys%2Fsubway-alerts.json
2026-02-17 01:12:51 [DEBUG] [CACHE] EXPIRED  https://api-endpoint.mta.info/Dataservice/mtagtfsfeeds/camsys%2Fbus-alerts.json
2026-02-17 01:12:51 [DEBUG] [FEED] Fetching JSON: https://api-endpoint.mta.info/Dataservice/mtagtfsfeeds/camsys%2Fbus-alerts.json
2026-02-17 01:12:51 [DEBUG] [CACHE] EXPIRED  https://api-endpoint.mta.info/Dataservice/mtagtfsfeeds/camsys%2Flirr-alerts.json
2026-02-17 01:12:51 [DEBUG] [FEED] Fetching JSON: https://api-endpoint.mta.info/Dataservice/mtagtfsfeeds/camsys%2Flirr-alerts.json
2026-02-17 01:12:51 [DEBUG] [CACHE] EXPIRED  https://api-endpoint.mta.info/Dataservice/mtagtfsfeeds/camsys%2Fmnr-alerts.json
2026-02-17 01:12:51 [DEBUG] [FEED] Fetching JSON: https://api-endpoint.mta.info/Dataservice/mtagtfsfeeds/camsys%2Fmnr-alerts.json
2026-02-17 01:12:51 [DEBUG] [FEED] Protobuf OK (7887 bytes): https://api-endpoint.mta.info/Dataservice/mtagtfsfeeds/nyct%2Fgtfs-g
2026-02-17 01:12:51 [INFO] [SUBWAY] Feed G: 167 arrivals from 20 entities
2026-02-17 01:12:51 [DEBUG] [FEED] Protobuf OK (67664 bytes): https://api-endpoint.mta.info/Dataservice/mtagtfsfeeds/nyct%2Fgtfs
2026-02-17 01:12:51 [INFO] [SUBWAY] Feed 1: 1863 arrivals from 152 entities
2026-02-17 01:12:51 [DEBUG] [FEED] Protobuf OK (12424 bytes): https://api-endpoint.mta.info/Dataservice/mtagtfsfeeds/nyct%2Fgtfs-jz
2026-02-17 01:12:51 [INFO] [SUBWAY] Feed J: 275 arrivals from 26 entities
2026-02-17 01:12:51 [DEBUG] [FEED] Protobuf OK (53369 bytes): https://api-endpoint.mta.info/Dataservice/mtagtfsfeeds/nyct%2Fgtfs-ace
2026-02-17 01:12:51 [INFO] [SUBWAY] Feed A: 1180 arrivals from 114 entities
2026-02-17 01:12:51 [DEBUG] [FEED] Protobuf OK (53925 bytes): https://api-endpoint.mta.info/Dataservice/mtagtfsfeeds/nyct%2Fgtfs-bdfm
2026-02-17 01:12:51 [INFO] [SUBWAY] Feed B: 1218 arrivals from 104 entities
2026-02-17 01:12:51 [DEBUG] [FEED] Protobuf OK (42160 bytes): https://api-endpoint.mta.info/Dataservice/mtagtfsfeeds/nyct%2Fgtfs-nqrw
2026-02-17 01:12:51 [INFO] [SUBWAY] Feed N: 969 arrivals from 74 entities
2026-02-17 01:12:51 [DEBUG] [FEED] Protobuf OK (7887 bytes): https://api-endpoint.mta.info/Dataservice/mtagtfsfeeds/nyct%2Fgtfs-g
2026-02-17 01:12:51 [INFO] [SUBWAY] Feed G: 167 arrivals from 20 entities
2026-02-17 01:12:51 [DEBUG] [FEED] JSON OK: https://api-endpoint.mta.info/Dataservice/mtagtfsfeeds/nyct%2Fnyct_ene.json
2026-02-17 01:12:51 [INFO] [DATA] Elevator/escalator outages: 0 out of service
2026-02-17 01:12:51 [INFO] [HTTP] GET /accessibility → 200 (212.8ms)
2026-02-17 01:12:51 [DEBUG] [FEED] Protobuf OK (7878 bytes): https://api-endpoint.mta.info/Dataservice/mtagtfsfeeds/nyct%2Fgtfs-l
2026-02-17 01:12:51 [INFO] [SUBWAY] Feed L: 142 arrivals from 16 entities
2026-02-17 01:12:51 [DEBUG] [FEED] JSON OK: https://api-endpoint.mta.info/Dataservice/mtagtfsfeeds/camsys%2Flirr-alerts.json
2026-02-17 01:12:51 [DEBUG] [FEED] Protobuf OK (12424 bytes): https://api-endpoint.mta.info/Dataservice/mtagtfsfeeds/nyct%2Fgtfs-jz
2026-02-17 01:12:51 [INFO] [SUBWAY] Feed J: 275 arrivals from 26 entities
2026-02-17 01:12:51 [DEBUG] [FEED] JSON OK: https://api-endpoint.mta.info/Dataservice/mtagtfsfeeds/camsys%2Fmnr-alerts.json
2026-02-17 01:12:51 [DEBUG] [FEED] Protobuf OK (34527 bytes): https://api-endpoint.mta.info/Dataservice/mtagtfsfeeds/lirr%2Fgtfs-lirr
2026-02-17 01:12:51 [INFO] [RAIL] lirr: 648 arrivals from 100 entities
2026-02-17 01:12:51 [DEBUG] [FEED] Protobuf OK (42160 bytes): https://api-endpoint.mta.info/Dataservice/mtagtfsfeeds/nyct%2Fgtfs-nqrw
2026-02-17 01:12:51 [INFO] [SUBWAY] Feed N: 969 arrivals from 74 entities
2026-02-17 01:12:51 [DEBUG] [FEED] Protobuf OK (67664 bytes): https://api-endpoint.mta.info/Dataservice/mtagtfsfeeds/nyct%2Fgtfs
2026-02-17 01:12:51 [INFO] [SUBWAY] Feed 1: 1863 arrivals from 152 entities
2026-02-17 01:12:51 [DEBUG] [FEED] Protobuf OK (34527 bytes): https://api-endpoint.mta.info/Dataservice/mtagtfsfeeds/lirr%2Fgtfs-lirr
2026-02-17 01:12:51 [INFO] [RAIL] lirr: 648 arrivals from 100 entities
2026-02-17 01:12:51 [DEBUG] [FEED] Protobuf OK (7878 bytes): https://api-endpoint.mta.info/Dataservice/mtagtfsfeeds/nyct%2Fgtfs-l
2026-02-17 01:12:51 [INFO] [SUBWAY] Feed L: 142 arrivals from 16 entities
2026-02-17 01:12:51 [INFO] [TRACK] Subway: 7/7 feeds OK, 5814 raw → 683 kept (nearby)
2026-02-17 01:12:51 [INFO] [TRACK] Filling in schedules for 66 stops with no live data
2026-02-17 01:12:51 [DEBUG] [FEED] Protobuf OK (53925 bytes): https://api-endpoint.mta.info/Dataservice/mtagtfsfeeds/nyct%2Fgtfs-bdfm
2026-02-17 01:12:51 [INFO] [SUBWAY] Feed B: 1218 arrivals from 104 entities
2026-02-17 01:12:51 [DEBUG] [FEED] JSON OK: https://api-endpoint.mta.info/Dataservice/mtagtfsfeeds/camsys%2Fsubway-alerts.json
2026-02-17 01:12:51 [DEBUG] [FEED] JSON OK: https://api-endpoint.mta.info/Dataservice/mtagtfsfeeds/camsys%2Fbus-alerts.json
2026-02-17 01:12:51 [DEBUG] [FEED] Protobuf OK (53369 bytes): https://api-endpoint.mta.info/Dataservice/mtagtfsfeeds/nyct%2Fgtfs-ace
2026-02-17 01:12:51 [INFO] [SUBWAY] Feed A: 1180 arrivals from 114 entities
2026-02-17 01:12:52 [INFO] [ALERTS] Fetched 271 alerts across 4 feeds
2026-02-17 01:12:52 [INFO] [TRACK] Subway: 7/7 feeds OK, 5814 raw → 683 kept (nearby)
2026-02-17 01:12:52 [INFO] [TRACK] Filling in schedules for 66 stops with no live data
2026-02-17 01:12:52 [INFO] [HTTP] GET /alerts → 200 (1240.8ms)
2026-02-17 01:12:52 [INFO] [HTTP] GET /nearby?lat=40.67496443852312&lon=-73.81257174377635&radius=8047 → 200 (1489.8ms)
2026-02-17 01:12:52 [INFO] [HTTP] GET /nearby/grouped?lat=40.67496443852312&lon=-73.81257174377635&radius=8047 → 200 (1488.1ms)
2026-02-17 01:13:00 [DEBUG] [BUS] Fetching shape for MTABC_Q60 from http://bustime.mta.info/api/where/stops-for-route/MTABC_Q60.json
2026-02-17 01:13:00 [INFO] [HTTP] GET /bus/vehicles/Q60 → 200 (175.3ms)
2026-02-17 01:13:01 [DEBUG] [BUS] Got 13 raw polylines from API
2026-02-17 01:13:01 [INFO] [BUS] Shape for MTABC_Q60: 11 merged polylines (from 13 raw), 88 stops, 2 directions
2026-02-17 01:13:01 [INFO] [HTTP] GET /bus/route-shape/Q60 → 200 (259.8ms)
2026-02-17 01:13:21 [INFO] [LOCATION] lat=40.67496, lon=-73.81257 (nearby/grouped)
2026-02-17 01:13:21 [INFO] [TRACK] Found 178 subway stop_ids within 8047m
2026-02-17 01:13:21 [DEBUG] [CACHE] EXPIRED  https://api-endpoint.mta.info/Dataservice/mtagtfsfeeds/lirr%2Fgtfs-lirr
2026-02-17 01:13:21 [DEBUG] [FEED] Fetching protobuf: https://api-endpoint.mta.info/Dataservice/mtagtfsfeeds/lirr%2Fgtfs-lirr
2026-02-17 01:13:21 [INFO] [LOCATION] lat=40.67496, lon=-73.81257 (nearby)
2026-02-17 01:13:21 [DEBUG] [CACHE] EXPIRED  https://api-endpoint.mta.info/Dataservice/mtagtfsfeeds/nyct%2Fgtfs-ace
2026-02-17 01:13:21 [DEBUG] [FEED] Fetching protobuf: https://api-endpoint.mta.info/Dataservice/mtagtfsfeeds/nyct%2Fgtfs-ace
2026-02-17 01:13:21 [DEBUG] [CACHE] EXPIRED  https://api-endpoint.mta.info/Dataservice/mtagtfsfeeds/nyct%2Fgtfs-g
2026-02-17 01:13:21 [DEBUG] [FEED] Fetching protobuf: https://api-endpoint.mta.info/Dataservice/mtagtfsfeeds/nyct%2Fgtfs-g
2026-02-17 01:13:21 [DEBUG] [CACHE] EXPIRED  https://api-endpoint.mta.info/Dataservice/mtagtfsfeeds/nyct%2Fgtfs-nqrw
2026-02-17 01:13:21 [DEBUG] [FEED] Fetching protobuf: https://api-endpoint.mta.info/Dataservice/mtagtfsfeeds/nyct%2Fgtfs-nqrw
2026-02-17 01:13:21 [DEBUG] [CACHE] EXPIRED  https://api-endpoint.mta.info/Dataservice/mtagtfsfeeds/nyct%2Fgtfs
2026-02-17 01:13:21 [DEBUG] [FEED] Fetching protobuf: https://api-endpoint.mta.info/Dataservice/mtagtfsfeeds/nyct%2Fgtfs
2026-02-17 01:13:21 [DEBUG] [CACHE] EXPIRED  https://api-endpoint.mta.info/Dataservice/mtagtfsfeeds/nyct%2Fgtfs-bdfm
2026-02-17 01:13:21 [DEBUG] [FEED] Fetching protobuf: https://api-endpoint.mta.info/Dataservice/mtagtfsfeeds/nyct%2Fgtfs-bdfm
2026-02-17 01:13:21 [DEBUG] [CACHE] EXPIRED  https://api-endpoint.mta.info/Dataservice/mtagtfsfeeds/nyct%2Fgtfs-jz
2026-02-17 01:13:21 [DEBUG] [FEED] Fetching protobuf: https://api-endpoint.mta.info/Dataservice/mtagtfsfeeds/nyct%2Fgtfs-jz
2026-02-17 01:13:21 [DEBUG] [CACHE] EXPIRED  https://api-endpoint.mta.info/Dataservice/mtagtfsfeeds/nyct%2Fgtfs-l
2026-02-17 01:13:21 [DEBUG] [FEED] Fetching protobuf: https://api-endpoint.mta.info/Dataservice/mtagtfsfeeds/nyct%2Fgtfs-l
2026-02-17 01:13:21 [INFO] [TRACK] Found 178 subway stop_ids within 8047m
2026-02-17 01:13:21 [DEBUG] [FEED] Fetching protobuf: https://api-endpoint.mta.info/Dataservice/mtagtfsfeeds/lirr%2Fgtfs-lirr
2026-02-17 01:13:21 [DEBUG] [CACHE] EXPIRED  https://api-endpoint.mta.info/Dataservice/mtagtfsfeeds/nyct%2Fnyct_ene.json
2026-02-17 01:13:21 [DEBUG] [FEED] Fetching JSON: https://api-endpoint.mta.info/Dataservice/mtagtfsfeeds/nyct%2Fnyct_ene.json
2026-02-17 01:13:21 [DEBUG] [FEED] Fetching protobuf: https://api-endpoint.mta.info/Dataservice/mtagtfsfeeds/nyct%2Fgtfs-ace
2026-02-17 01:13:21 [DEBUG] [FEED] Fetching protobuf: https://api-endpoint.mta.info/Dataservice/mtagtfsfeeds/nyct%2Fgtfs-g
2026-02-17 01:13:21 [DEBUG] [FEED] Fetching protobuf: https://api-endpoint.mta.info/Dataservice/mtagtfsfeeds/nyct%2Fgtfs-nqrw
2026-02-17 01:13:21 [DEBUG] [FEED] Fetching protobuf: https://api-endpoint.mta.info/Dataservice/mtagtfsfeeds/nyct%2Fgtfs
2026-02-17 01:13:21 [DEBUG] [FEED] Fetching protobuf: https://api-endpoint.mta.info/Dataservice/mtagtfsfeeds/nyct%2Fgtfs-bdfm
2026-02-17 01:13:21 [DEBUG] [FEED] Fetching protobuf: https://api-endpoint.mta.info/Dataservice/mtagtfsfeeds/nyct%2Fgtfs-jz
2026-02-17 01:13:21 [DEBUG] [FEED] Fetching protobuf: https://api-endpoint.mta.info/Dataservice/mtagtfsfeeds/nyct%2Fgtfs-l
2026-02-17 01:13:22 [DEBUG] [CACHE] EXPIRED  https://api-endpoint.mta.info/Dataservice/mtagtfsfeeds/camsys%2Fsubway-alerts.js
2026-02-17 01:13:22 [DEBUG] [FEED] Fetching JSON: https://api-endpoint.mta.info/Dataservice/mtagtfsfeeds/camsys%2Fsubway-alerts.json
2026-02-17 01:13:22 [DEBUG] [CACHE] EXPIRED  https://api-endpoint.mta.info/Dataservice/mtagtfsfeeds/camsys%2Fbus-alerts.json
2026-02-17 01:13:22 [DEBUG] [FEED] Fetching JSON: https://api-endpoint.mta.info/Dataservice/mtagtfsfeeds/camsys%2Fbus-alerts.json
2026-02-17 01:13:22 [DEBUG] [CACHE] EXPIRED  https://api-endpoint.mta.info/Dataservice/mtagtfsfeeds/camsys%2Flirr-alerts.json
2026-02-17 01:13:22 [DEBUG] [FEED] Fetching JSON: https://api-endpoint.mta.info/Dataservice/mtagtfsfeeds/camsys%2Flirr-alerts.json
2026-02-17 01:13:22 [DEBUG] [CACHE] EXPIRED  https://api-endpoint.mta.info/Dataservice/mtagtfsfeeds/camsys%2Fmnr-alerts.json
2026-02-17 01:13:22 [DEBUG] [FEED] Fetching JSON: https://api-endpoint.mta.info/Dataservice/mtagtfsfeeds/camsys%2Fmnr-alerts.json
2026-02-17 01:13:22 [DEBUG] [FEED] Protobuf OK (12387 bytes): https://api-endpoint.mta.info/Dataservice/mtagtfsfeeds/nyct%2Fgtfs-jz
2026-02-17 01:13:22 [INFO] [SUBWAY] Feed J: 274 arrivals from 26 entities
2026-02-17 01:13:22 [DEBUG] [FEED] Protobuf OK (8928 bytes): https://api-endpoint.mta.info/Dataservice/mtagtfsfeeds/nyct%2Fgtfs-l
2026-02-17 01:13:22 [INFO] [SUBWAY] Feed L: 163 arrivals from 17 entities
2026-02-17 01:13:22 [DEBUG] [FEED] Protobuf OK (53590 bytes): https://api-endpoint.mta.info/Dataservice/mtagtfsfeeds/nyct%2Fgtfs-bdfm
2026-02-17 01:13:22 [INFO] [SUBWAY] Feed B: 1209 arrivals from 104 entities
2026-02-17 01:13:22 [DEBUG] [FEED] Protobuf OK (53757 bytes): https://api-endpoint.mta.info/Dataservice/mtagtfsfeeds/nyct%2Fgtfs-ace
2026-02-17 01:13:22 [INFO] [SUBWAY] Feed A: 1186 arrivals from 116 entities
2026-02-17 01:13:22 [DEBUG] [FEED] Protobuf OK (34218 bytes): https://api-endpoint.mta.info/Dataservice/mtagtfsfeeds/lirr%2Fgtfs-lirr
2026-02-17 01:13:22 [INFO] [RAIL] lirr: 644 arrivals from 98 entities
2026-02-17 01:13:22 [DEBUG] [FEED] Protobuf OK (53757 bytes): https://api-endpoint.mta.info/Dataservice/mtagtfsfeeds/nyct%2Fgtfs-ace
2026-02-17 01:13:22 [INFO] [SUBWAY] Feed A: 1186 arrivals from 116 entities
2026-02-17 01:13:22 [DEBUG] [FEED] Protobuf OK (42049 bytes): https://api-endpoint.mta.info/Dataservice/mtagtfsfeeds/nyct%2Fgtfs-nqrw
2026-02-17 01:13:22 [INFO] [SUBWAY] Feed N: 966 arrivals from 74 entities
2026-02-17 01:13:22 [DEBUG] [FEED] Protobuf OK (42049 bytes): https://api-endpoint.mta.info/Dataservice/mtagtfsfeeds/nyct%2Fgtfs-nqrw
2026-02-17 01:13:22 [INFO] [SUBWAY] Feed N: 966 arrivals from 74 entities
2026-02-17 01:13:22 [DEBUG] [FEED] Protobuf OK (12387 bytes): https://api-endpoint.mta.info/Dataservice/mtagtfsfeeds/nyct%2Fgtfs-jz
2026-02-17 01:13:22 [INFO] [SUBWAY] Feed J: 274 arrivals from 26 entities
2026-02-17 01:13:22 [DEBUG] [FEED] JSON OK: https://api-endpoint.mta.info/Dataservice/mtagtfsfeeds/nyct%2Fnyct_ene.json
2026-02-17 01:13:22 [INFO] [DATA] Elevator/escalator outages: 0 out of service
2026-02-17 01:13:22 [DEBUG] [FEED] Protobuf OK (67957 bytes): https://api-endpoint.mta.info/Dataservice/mtagtfsfeeds/nyct%2Fgtfs
2026-02-17 01:13:22 [INFO] [SUBWAY] Feed 1: 1869 arrivals from 154 entities
2026-02-17 01:13:22 [DEBUG] [FEED] Protobuf OK (8928 bytes): https://api-endpoint.mta.info/Dataservice/mtagtfsfeeds/nyct%2Fgtfs-l
2026-02-17 01:13:22 [INFO] [SUBWAY] Feed L: 163 arrivals from 17 entities
2026-02-17 01:13:22 [DEBUG] [FEED] Protobuf OK (7813 bytes): https://api-endpoint.mta.info/Dataservice/mtagtfsfeeds/nyct%2Fgtfs-g
2026-02-17 01:13:22 [INFO] [SUBWAY] Feed G: 165 arrivals from 20 entities
2026-02-17 01:13:22 [INFO] [HTTP] GET /accessibility → 200 (1027.2ms)
2026-02-17 01:13:22 [DEBUG] [FEED] Protobuf OK (67957 bytes): https://api-endpoint.mta.info/Dataservice/mtagtfsfeeds/nyct%2Fgtfs
2026-02-17 01:13:22 [INFO] [SUBWAY] Feed 1: 1869 arrivals from 154 entities
2026-02-17 01:13:22 [DEBUG] [FEED] JSON OK: https://api-endpoint.mta.info/Dataservice/mtagtfsfeeds/camsys%2Flirr-alerts.json
2026-02-17 01:13:22 [DEBUG] [FEED] Protobuf OK (7813 bytes): https://api-endpoint.mta.info/Dataservice/mtagtfsfeeds/nyct%2Fgtfs-g
2026-02-17 01:13:22 [INFO] [SUBWAY] Feed G: 165 arrivals from 20 entities
2026-02-17 01:13:22 [DEBUG] [FEED] JSON OK: https://api-endpoint.mta.info/Dataservice/mtagtfsfeeds/camsys%2Fmnr-alerts.json
2026-02-17 01:13:22 [INFO] [TRACK] Subway: 7/7 feeds OK, 5832 raw → 697 kept (nearby)
2026-02-17 01:13:22 [INFO] [TRACK] Filling in schedules for 66 stops with no live data
2026-02-17 01:13:22 [DEBUG] [FEED] JSON OK: https://api-endpoint.mta.info/Dataservice/mtagtfsfeeds/camsys%2Fsubway-alerts.json
2026-02-17 01:13:22 [DEBUG] [FEED] Protobuf OK (34218 bytes): https://api-endpoint.mta.info/Dataservice/mtagtfsfeeds/lirr%2Fgtfs-lirr
2026-02-17 01:13:22 [INFO] [RAIL] lirr: 644 arrivals from 98 entities
2026-02-17 01:13:22 [DEBUG] [FEED] Protobuf OK (53590 bytes): https://api-endpoint.mta.info/Dataservice/mtagtfsfeeds/nyct%2Fgtfs-bdfm
2026-02-17 01:13:22 [INFO] [SUBWAY] Feed B: 1209 arrivals from 104 entities
2026-02-17 01:13:22 [DEBUG] [FEED] JSON OK: https://api-endpoint.mta.info/Dataservice/mtagtfsfeeds/camsys%2Fbus-alerts.json
2026-02-17 01:13:22 [INFO] [TRACK] Subway: 7/7 feeds OK, 5832 raw → 697 kept (nearby)
2026-02-17 01:13:22 [INFO] [TRACK] Filling in schedules for 66 stops with no live data
2026-02-17 01:13:22 [INFO] [ALERTS] Fetched 271 alerts across 4 feeds
2026-02-17 01:13:22 [INFO] [HTTP] GET /alerts → 200 (943.7ms)
2026-02-17 01:13:22 [INFO] [HTTP] GET /nearby/grouped?lat=40.67496443852312&lon=-73.81257174377635&radius=8047 → 200 (1339.8ms)
2026-02-17 01:13:22 [INFO] [HTTP] GET /nearby?lat=40.67496443852312&lon=-73.81257174377635&radius=8047 → 200 (1338.5ms)
2026-02-17 01:13:33 [DEBUG] [BUS] Fetching shape for MTABC_Q10 from http://bustime.mta.info/api/where/stops-for-route/MTABC_Q10.json
2026-02-17 01:13:33 [INFO] [HTTP] GET /bus/vehicles/Q10 → 200 (126.3ms)
2026-02-17 01:13:33 [DEBUG] [BUS] Got 14 raw polylines from API
2026-02-17 01:13:33 [INFO] [BUS] Shape for MTABC_Q10: 12 merged polylines (from 14 raw), 43 stops, 2 directions
2026-02-17 01:13:33 [INFO] [HTTP] GET /bus/route-shape/Q10 → 200 (160.6ms)
2026-02-17 01:13:38 [DEBUG] [BUS] Fetching shape for MTABC_Q10 from http://bustime.mta.info/api/where/stops-for-route/MTABC_Q10.json
2026-02-17 01:13:38 [INFO] [HTTP] GET /bus/vehicles/Q10 → 200 (130.3ms)
2026-02-17 01:13:38 [DEBUG] [BUS] Got 14 raw polylines from API
2026-02-17 01:13:38 [INFO] [BUS] Shape for MTABC_Q10: 12 merged polylines (from 14 raw), 43 stops, 2 directions
2026-02-17 01:13:38 [INFO] [HTTP] GET /bus/route-shape/Q10 → 200 (149.6ms)
2026-02-17 01:13:39 [DEBUG] [BUS] Fetching shape for MTABC_Q10 from http://bustime.mta.info/api/where/stops-for-route/MTABC_Q10.json
2026-02-17 01:13:39 [INFO] [HTTP] GET /bus/vehicles/Q10 → 200 (154.9ms)
2026-02-17 01:13:39 [DEBUG] [BUS] Got 14 raw polylines from API
2026-02-17 01:13:39 [INFO] [BUS] Shape for MTABC_Q10: 12 merged polylines (from 14 raw), 43 stops, 2 directions
2026-02-17 01:13:39 [INFO] [HTTP] GET /bus/route-shape/Q10 → 200 (165.4ms)
2026-02-17 01:13:51 [INFO] [LOCATION] lat=40.67496, lon=-73.81257 (nearby)
2026-02-17 01:13:51 [INFO] [TRACK] Found 178 subway stop_ids within 8047m
2026-02-17 01:13:51 [DEBUG] [CACHE] EXPIRED  https://api-endpoint.mta.info/Dataservice/mtagtfsfeeds/lirr%2Fgtfs-lirr
2026-02-17 01:13:51 [DEBUG] [FEED] Fetching protobuf: https://api-endpoint.mta.info/Dataservice/mtagtfsfeeds/lirr%2Fgtfs-lirr
2026-02-17 01:13:51 [DEBUG] [CACHE] EXPIRED  https://api-endpoint.mta.info/Dataservice/mtagtfsfeeds/nyct%2Fgtfs-ace
2026-02-17 01:13:51 [DEBUG] [FEED] Fetching protobuf: https://api-endpoint.mta.info/Dataservice/mtagtfsfeeds/nyct%2Fgtfs-ace
2026-02-17 01:13:51 [DEBUG] [CACHE] EXPIRED  https://api-endpoint.mta.info/Dataservice/mtagtfsfeeds/nyct%2Fgtfs-g
2026-02-17 01:13:51 [DEBUG] [FEED] Fetching protobuf: https://api-endpoint.mta.info/Dataservice/mtagtfsfeeds/nyct%2Fgtfs-g
2026-02-17 01:13:51 [DEBUG] [CACHE] EXPIRED  https://api-endpoint.mta.info/Dataservice/mtagtfsfeeds/nyct%2Fgtfs-nqrw
2026-02-17 01:13:51 [DEBUG] [FEED] Fetching protobuf: https://api-endpoint.mta.info/Dataservice/mtagtfsfeeds/nyct%2Fgtfs-nqrw
2026-02-17 01:13:51 [DEBUG] [CACHE] EXPIRED  https://api-endpoint.mta.info/Dataservice/mtagtfsfeeds/nyct%2Fgtfs
2026-02-17 01:13:51 [DEBUG] [FEED] Fetching protobuf: https://api-endpoint.mta.info/Dataservice/mtagtfsfeeds/nyct%2Fgtfs
2026-02-17 01:13:51 [DEBUG] [CACHE] EXPIRED  https://api-endpoint.mta.info/Dataservice/mtagtfsfeeds/nyct%2Fgtfs-bdfm
2026-02-17 01:13:51 [DEBUG] [FEED] Fetching protobuf: https://api-endpoint.mta.info/Dataservice/mtagtfsfeeds/nyct%2Fgtfs-bdfm
2026-02-17 01:13:51 [DEBUG] [CACHE] EXPIRED  https://api-endpoint.mta.info/Dataservice/mtagtfsfeeds/nyct%2Fgtfs-jz
2026-02-17 01:13:51 [DEBUG] [FEED] Fetching protobuf: https://api-endpoint.mta.info/Dataservice/mtagtfsfeeds/nyct%2Fgtfs-jz
2026-02-17 01:13:51 [DEBUG] [CACHE] EXPIRED  https://api-endpoint.mta.info/Dataservice/mtagtfsfeeds/nyct%2Fgtfs-l
2026-02-17 01:13:51 [DEBUG] [FEED] Fetching protobuf: https://api-endpoint.mta.info/Dataservice/mtagtfsfeeds/nyct%2Fgtfs-l
2026-02-17 01:13:51 [DEBUG] [CACHE] EXPIRED  https://api-endpoint.mta.info/Dataservice/mtagtfsfeeds/camsys%2Fsubway-alerts.js
2026-02-17 01:13:51 [DEBUG] [FEED] Fetching JSON: https://api-endpoint.mta.info/Dataservice/mtagtfsfeeds/camsys%2Fsubway-alerts.json
2026-02-17 01:13:51 [DEBUG] [CACHE] EXPIRED  https://api-endpoint.mta.info/Dataservice/mtagtfsfeeds/camsys%2Fbus-alerts.json
2026-02-17 01:13:51 [DEBUG] [FEED] Fetching JSON: https://api-endpoint.mta.info/Dataservice/mtagtfsfeeds/camsys%2Fbus-alerts.json
2026-02-17 01:13:51 [DEBUG] [CACHE] EXPIRED  https://api-endpoint.mta.info/Dataservice/mtagtfsfeeds/camsys%2Flirr-alerts.json
2026-02-17 01:13:51 [DEBUG] [FEED] Fetching JSON: https://api-endpoint.mta.info/Dataservice/mtagtfsfeeds/camsys%2Flirr-alerts.json
2026-02-17 01:13:51 [DEBUG] [CACHE] EXPIRED  https://api-endpoint.mta.info/Dataservice/mtagtfsfeeds/camsys%2Fmnr-alerts.json
2026-02-17 01:13:51 [DEBUG] [FEED] Fetching JSON: https://api-endpoint.mta.info/Dataservice/mtagtfsfeeds/camsys%2Fmnr-alerts.json
2026-02-17 01:13:51 [INFO] [LOCATION] lat=40.67496, lon=-73.81257 (nearby/grouped)
2026-02-17 01:13:51 [INFO] [TRACK] Found 178 subway stop_ids within 8047m
2026-02-17 01:13:51 [DEBUG] [FEED] Fetching protobuf: https://api-endpoint.mta.info/Dataservice/mtagtfsfeeds/lirr%2Fgtfs-lirr
2026-02-17 01:13:51 [DEBUG] [CACHE] EXPIRED  https://api-endpoint.mta.info/Dataservice/mtagtfsfeeds/nyct%2Fnyct_ene.json
2026-02-17 01:13:51 [DEBUG] [FEED] Fetching JSON: https://api-endpoint.mta.info/Dataservice/mtagtfsfeeds/nyct%2Fnyct_ene.json
2026-02-17 01:13:51 [DEBUG] [FEED] Fetching protobuf: https://api-endpoint.mta.info/Dataservice/mtagtfsfeeds/nyct%2Fgtfs-ace
2026-02-17 01:13:51 [DEBUG] [FEED] Fetching protobuf: https://api-endpoint.mta.info/Dataservice/mtagtfsfeeds/nyct%2Fgtfs-g
2026-02-17 01:13:51 [DEBUG] [FEED] Fetching protobuf: https://api-endpoint.mta.info/Dataservice/mtagtfsfeeds/nyct%2Fgtfs-nqrw
2026-02-17 01:13:51 [DEBUG] [FEED] Fetching protobuf: https://api-endpoint.mta.info/Dataservice/mtagtfsfeeds/nyct%2Fgtfs
2026-02-17 01:13:51 [DEBUG] [FEED] Fetching protobuf: https://api-endpoint.mta.info/Dataservice/mtagtfsfeeds/nyct%2Fgtfs-bdfm
2026-02-17 01:13:51 [DEBUG] [FEED] Fetching protobuf: https://api-endpoint.mta.info/Dataservice/mtagtfsfeeds/nyct%2Fgtfs-jz
2026-02-17 01:13:51 [DEBUG] [FEED] Fetching protobuf: https://api-endpoint.mta.info/Dataservice/mtagtfsfeeds/nyct%2Fgtfs-l
2026-02-17 01:13:52 [DEBUG] [FEED] Protobuf OK (53535 bytes): https://api-endpoint.mta.info/Dataservice/mtagtfsfeeds/nyct%2Fgtfs-ace
2026-02-17 01:13:52 [INFO] [SUBWAY] Feed A: 1180 arrivals from 116 entities
2026-02-17 01:13:52 [DEBUG] [FEED] JSON OK: https://api-endpoint.mta.info/Dataservice/mtagtfsfeeds/camsys%2Fmnr-alerts.json
2026-02-17 01:13:52 [DEBUG] [FEED] JSON OK: https://api-endpoint.mta.info/Dataservice/mtagtfsfeeds/camsys%2Flirr-alerts.json
2026-02-17 01:13:52 [DEBUG] [FEED] Protobuf OK (12276 bytes): https://api-endpoint.mta.info/Dataservice/mtagtfsfeeds/nyct%2Fgtfs-jz
2026-02-17 01:13:52 [INFO] [SUBWAY] Feed J: 271 arrivals from 26 entities
2026-02-17 01:13:52 [DEBUG] [FEED] Protobuf OK (53063 bytes): https://api-endpoint.mta.info/Dataservice/mtagtfsfeeds/nyct%2Fgtfs-bdfm
2026-02-17 01:13:52 [INFO] [SUBWAY] Feed B: 1204 arrivals from 100 entities
2026-02-17 01:13:52 [DEBUG] [FEED] Protobuf OK (70712 bytes): https://api-endpoint.mta.info/Dataservice/mtagtfsfeeds/nyct%2Fgtfs
2026-02-17 01:13:52 [INFO] [SUBWAY] Feed 1: 1950 arrivals from 158 entities
2026-02-17 01:13:52 [DEBUG] [FEED] Protobuf OK (8930 bytes): https://api-endpoint.mta.info/Dataservice/mtagtfsfeeds/nyct%2Fgtfs-l
2026-02-17 01:13:52 [INFO] [SUBWAY] Feed L: 163 arrivals from 17 entities
2026-02-17 01:13:52 [DEBUG] [FEED] Protobuf OK (41766 bytes): https://api-endpoint.mta.info/Dataservice/mtagtfsfeeds/nyct%2Fgtfs-nqrw
2026-02-17 01:13:52 [INFO] [SUBWAY] Feed N: 963 arrivals from 72 entities
2026-02-17 01:13:52 [DEBUG] [FEED] Protobuf OK (53535 bytes): https://api-endpoint.mta.info/Dataservice/mtagtfsfeeds/nyct%2Fgtfs-ace
2026-02-17 01:13:52 [INFO] [SUBWAY] Feed A: 1180 arrivals from 116 entities
2026-02-17 01:13:52 [DEBUG] [FEED] Protobuf OK (34442 bytes): https://api-endpoint.mta.info/Dataservice/mtagtfsfeeds/lirr%2Fgtfs-lirr
2026-02-17 01:13:52 [INFO] [RAIL] lirr: 643 arrivals from 100 entities
2026-02-17 01:13:52 [DEBUG] [FEED] Protobuf OK (12276 bytes): https://api-endpoint.mta.info/Dataservice/mtagtfsfeeds/nyct%2Fgtfs-jz
2026-02-17 01:13:52 [INFO] [SUBWAY] Feed J: 271 arrivals from 26 entities
2026-02-17 01:13:52 [DEBUG] [FEED] JSON OK: https://api-endpoint.mta.info/Dataservice/mtagtfsfeeds/camsys%2Fbus-alerts.json
2026-02-17 01:13:52 [DEBUG] [FEED] Protobuf OK (70712 bytes): https://api-endpoint.mta.info/Dataservice/mtagtfsfeeds/nyct%2Fgtfs
2026-02-17 01:13:52 [INFO] [SUBWAY] Feed 1: 1950 arrivals from 158 entities
2026-02-17 01:13:52 [DEBUG] [FEED] Protobuf OK (53063 bytes): https://api-endpoint.mta.info/Dataservice/mtagtfsfeeds/nyct%2Fgtfs-bdfm
2026-02-17 01:13:52 [INFO] [SUBWAY] Feed B: 1204 arrivals from 100 entities
2026-02-17 01:13:52 [DEBUG] [FEED] JSON OK: https://api-endpoint.mta.info/Dataservice/mtagtfsfeeds/nyct%2Fnyct_ene.json
2026-02-17 01:13:52 [INFO] [DATA] Elevator/escalator outages: 0 out of service
2026-02-17 01:13:52 [DEBUG] [FEED] Protobuf OK (7815 bytes): https://api-endpoint.mta.info/Dataservice/mtagtfsfeeds/nyct%2Fgtfs-g
2026-02-17 01:13:52 [INFO] [SUBWAY] Feed G: 165 arrivals from 20 entities
2026-02-17 01:13:52 [DEBUG] [FEED] Protobuf OK (41766 bytes): https://api-endpoint.mta.info/Dataservice/mtagtfsfeeds/nyct%2Fgtfs-nqrw
2026-02-17 01:13:52 [INFO] [SUBWAY] Feed N: 963 arrivals from 72 entities
2026-02-17 01:13:52 [DEBUG] [FEED] Protobuf OK (34442 bytes): https://api-endpoint.mta.info/Dataservice/mtagtfsfeeds/lirr%2Fgtfs-lirr
2026-02-17 01:13:52 [INFO] [RAIL] lirr: 643 arrivals from 100 entities
2026-02-17 01:13:52 [DEBUG] [FEED] Protobuf OK (7815 bytes): https://api-endpoint.mta.info/Dataservice/mtagtfsfeeds/nyct%2Fgtfs-g
2026-02-17 01:13:52 [INFO] [SUBWAY] Feed G: 165 arrivals from 20 entities
2026-02-17 01:13:52 [INFO] [HTTP] GET /accessibility → 200 (668.2ms)
2026-02-17 01:13:52 [DEBUG] [FEED] Protobuf OK (8930 bytes): https://api-endpoint.mta.info/Dataservice/mtagtfsfeeds/nyct%2Fgtfs-l
2026-02-17 01:13:52 [INFO] [SUBWAY] Feed L: 163 arrivals from 17 entities
2026-02-17 01:13:52 [INFO] [TRACK] Subway: 7/7 feeds OK, 5896 raw → 698 kept (nearby)
2026-02-17 01:13:52 [INFO] [TRACK] Filling in schedules for 66 stops with no live data
2026-02-17 01:13:52 [INFO] [TRACK] Subway: 7/7 feeds OK, 5896 raw → 698 kept (nearby)
2026-02-17 01:13:52 [INFO] [TRACK] Filling in schedules for 66 stops with no live data
2026-02-17 01:13:52 [DEBUG] [FEED] JSON OK: https://api-endpoint.mta.info/Dataservice/mtagtfsfeeds/camsys%2Fsubway-alerts.json
2026-02-17 01:13:52 [INFO] [ALERTS] Fetched 271 alerts across 4 feeds
2026-02-17 01:13:52 [INFO] [HTTP] GET /nearby?lat=40.67496443852312&lon=-73.81257174377635&radius=8047 → 200 (1499.6ms)
2026-02-17 01:13:52 [INFO] [HTTP] GET /alerts → 200 (1088.9ms)
2026-02-17 01:13:52 [INFO] [HTTP] GET /nearby/grouped?lat=40.67496443852312&lon=-73.81257174377635&radius=8047 → 200 (1087.6ms)
2026-02-17 01:14:00 [DEBUG] [CACHE] HIT  https://api-endpoint.mta.info/Dataservice/mtagtfsfeeds/lirr%2Fgtfs-lirr
2026-02-17 01:14:00 [INFO] [RAIL] lirr: 643 arrivals from 100 entities
2026-02-17 01:14:00 [INFO] [HTTP] GET /lirr → 200 (7.0ms)
2026-02-17 01:14:00 [DEBUG] [CACHE] HIT  https://api-endpoint.mta.info/Dataservice/mtagtfsfeeds/camsys%2Fsubway-alerts.js
2026-02-17 01:14:00 [DEBUG] [CACHE] HIT  https://api-endpoint.mta.info/Dataservice/mtagtfsfeeds/camsys%2Fbus-alerts.json
2026-02-17 01:14:00 [DEBUG] [CACHE] HIT  https://api-endpoint.mta.info/Dataservice/mtagtfsfeeds/camsys%2Flirr-alerts.json
2026-02-17 01:14:00 [DEBUG] [CACHE] HIT  https://api-endpoint.mta.info/Dataservice/mtagtfsfeeds/camsys%2Fmnr-alerts.json
2026-02-17 01:14:00 [INFO] [ALERTS] Fetched 271 alerts across 4 feeds
2026-02-17 01:14:00 [INFO] [HTTP] GET /alerts → 200 (5.4ms)
2026-02-17 01:14:00 [DEBUG] [CACHE] HIT  https://api-endpoint.mta.info/Dataservice/mtagtfsfeeds/nyct%2Fnyct_ene.json
2026-02-17 01:14:00 [INFO] [DATA] Elevator/escalator outages: 0 out of service
2026-02-17 01:14:00 [INFO] [HTTP] GET /accessibility → 200 (0.6ms)
2026-02-17 01:14:01 [INFO] [HTTP] GET /lirr/shape/LIRR_5 → 200 (62.2ms)
2026-02-17 01:14:08 [INFO] [HTTP] GET /lirr/shape/LIRR_5 → 200 (70.9ms)
2026-02-17 01:14:16 [INFO] [HTTP] GET /lirr/shape/LIRR_4 → 200 (20.1ms)
2026-02-17 01:14:21 [DEBUG] [CACHE] EXPIRED  https://api-endpoint.mta.info/Dataservice/mtagtfsfeeds/lirr%2Fgtfs-lirr
2026-02-17 01:14:21 [DEBUG] [FEED] Fetching protobuf: https://api-endpoint.mta.info/Dataservice/mtagtfsfeeds/lirr%2Fgtfs-lirr
2026-02-17 01:14:21 [DEBUG] [FEED] Protobuf OK (34141 bytes): https://api-endpoint.mta.info/Dataservice/mtagtfsfeeds/lirr%2Fgtfs-lirr
2026-02-17 01:14:21 [INFO] [RAIL] lirr: 640 arrivals from 98 entities
2026-02-17 01:14:21 [INFO] [HTTP] GET /lirr → 200 (184.7ms)
2026-02-17 01:14:21 [DEBUG] [CACHE] EXPIRED  https://api-endpoint.mta.info/Dataservice/mtagtfsfeeds/camsys%2Fsubway-alerts.js
2026-02-17 01:14:21 [DEBUG] [FEED] Fetching JSON: https://api-endpoint.mta.info/Dataservice/mtagtfsfeeds/camsys%2Fsubway-alerts.json
2026-02-17 01:14:21 [DEBUG] [CACHE] EXPIRED  https://api-endpoint.mta.info/Dataservice/mtagtfsfeeds/camsys%2Fbus-alerts.json
2026-02-17 01:14:21 [DEBUG] [FEED] Fetching JSON: https://api-endpoint.mta.info/Dataservice/mtagtfsfeeds/camsys%2Fbus-alerts.json
2026-02-17 01:14:21 [DEBUG] [CACHE] EXPIRED  https://api-endpoint.mta.info/Dataservice/mtagtfsfeeds/camsys%2Flirr-alerts.json
2026-02-17 01:14:21 [DEBUG] [FEED] Fetching JSON: https://api-endpoint.mta.info/Dataservice/mtagtfsfeeds/camsys%2Flirr-alerts.json
2026-02-17 01:14:21 [DEBUG] [CACHE] EXPIRED  https://api-endpoint.mta.info/Dataservice/mtagtfsfeeds/camsys%2Fmnr-alerts.json
2026-02-17 01:14:21 [DEBUG] [FEED] Fetching JSON: https://api-endpoint.mta.info/Dataservice/mtagtfsfeeds/camsys%2Fmnr-alerts.json
2026-02-17 01:14:21 [DEBUG] [FEED] JSON OK: https://api-endpoint.mta.info/Dataservice/mtagtfsfeeds/camsys%2Fsubway-alerts.json
2026-02-17 01:14:21 [DEBUG] [FEED] JSON OK: https://api-endpoint.mta.info/Dataservice/mtagtfsfeeds/camsys%2Fmnr-alerts.json
2026-02-17 01:14:21 [DEBUG] [FEED] JSON OK: https://api-endpoint.mta.info/Dataservice/mtagtfsfeeds/camsys%2Flirr-alerts.json
2026-02-17 01:14:21 [DEBUG] [FEED] JSON OK: https://api-endpoint.mta.info/Dataservice/mtagtfsfeeds/camsys%2Fbus-alerts.json
2026-02-17 01:14:21 [INFO] [ALERTS] Fetched 271 alerts across 4 feeds
2026-02-17 01:14:21 [INFO] [HTTP] GET /alerts → 200 (160.6ms)
2026-02-17 01:14:21 [DEBUG] [CACHE] EXPIRED  https://api-endpoint.mta.info/Dataservice/mtagtfsfeeds/nyct%2Fnyct_ene.json
2026-02-17 01:14:21 [DEBUG] [FEED] Fetching JSON: https://api-endpoint.mta.info/Dataservice/mtagtfsfeeds/nyct%2Fnyct_ene.json
2026-02-17 01:14:21 [DEBUG] [FEED] JSON OK: https://api-endpoint.mta.info/Dataservice/mtagtfsfeeds/nyct%2Fnyct_ene.json
2026-02-17 01:14:21 [INFO] [DATA] Elevator/escalator outages: 0 out of service
2026-02-17 01:14:21 [INFO] [HTTP] GET /accessibility → 200 (81.8ms)
2026-02-17 01:14:21 [INFO] [HTTP] GET /lirr/shape/LIRR_1 → 200 (21.2ms)
2026-02-17 01:14:27 [DEBUG] [FEED] Fetching protobuf: https://api-endpoint.mta.info/Dataservice/mtagtfsfeeds/mnr%2Fgtfs-mnr
2026-02-17 01:14:27 [DEBUG] [FEED] Protobuf OK (85755 bytes): https://api-endpoint.mta.info/Dataservice/mtagtfsfeeds/mnr%2Fgtfs-mnr
2026-02-17 01:14:27 [INFO] [RAIL] metro_north: 1750 arrivals from 134 entities
2026-02-17 01:14:27 [INFO] [HTTP] GET /mnr → 200 (197.9ms)
2026-02-17 01:14:27 [DEBUG] [CACHE] HIT  https://api-endpoint.mta.info/Dataservice/mtagtfsfeeds/camsys%2Fsubway-alerts.js
2026-02-17 01:14:27 [DEBUG] [CACHE] HIT  https://api-endpoint.mta.info/Dataservice/mtagtfsfeeds/camsys%2Fbus-alerts.json
2026-02-17 01:14:27 [DEBUG] [CACHE] HIT  https://api-endpoint.mta.info/Dataservice/mtagtfsfeeds/camsys%2Flirr-alerts.json
2026-02-17 01:14:27 [DEBUG] [CACHE] HIT  https://api-endpoint.mta.info/Dataservice/mtagtfsfeeds/camsys%2Fmnr-alerts.json
2026-02-17 01:14:27 [INFO] [ALERTS] Fetched 271 alerts across 4 feeds
2026-02-17 01:14:27 [INFO] [HTTP] GET /alerts → 200 (5.9ms)
2026-02-17 01:14:27 [DEBUG] [CACHE] HIT  https://api-endpoint.mta.info/Dataservice/mtagtfsfeeds/nyct%2Fnyct_ene.json
2026-02-17 01:14:27 [INFO] [DATA] Elevator/escalator outages: 0 out of service
2026-02-17 01:14:27 [INFO] [HTTP] GET /accessibility → 200 (0.9ms)
2026-02-17 01:14:30 [DEBUG] [CACHE] HIT  https://api-endpoint.mta.info/Dataservice/mtagtfsfeeds/camsys%2Fsubway-alerts.js
2026-02-17 01:14:30 [DEBUG] [CACHE] HIT  https://api-endpoint.mta.info/Dataservice/mtagtfsfeeds/camsys%2Fbus-alerts.json
2026-02-17 01:14:30 [DEBUG] [CACHE] HIT  https://api-endpoint.mta.info/Dataservice/mtagtfsfeeds/camsys%2Flirr-alerts.json
2026-02-17 01:14:30 [DEBUG] [CACHE] HIT  https://api-endpoint.mta.info/Dataservice/mtagtfsfeeds/camsys%2Fmnr-alerts.json
2026-02-17 01:14:30 [INFO] [ALERTS] Fetched 271 alerts across 4 feeds
2026-02-17 01:14:30 [INFO] [HTTP] GET /alerts → 200 (7.0ms)
2026-02-17 01:14:30 [DEBUG] [CACHE] HIT  https://api-endpoint.mta.info/Dataservice/mtagtfsfeeds/nyct%2Fnyct_ene.json
2026-02-17 01:14:30 [INFO] [DATA] Elevator/escalator outages: 0 out of service
2026-02-17 01:14:30 [INFO] [LOCATION] lat=40.67496, lon=-73.81257 (nearby/grouped)
2026-02-17 01:14:30 [INFO] [HTTP] GET /accessibility → 200 (1.3ms)
2026-02-17 01:14:30 [INFO] [TRACK] Found 178 subway stop_ids within 8047m
2026-02-17 01:14:30 [DEBUG] [CACHE] HIT  https://api-endpoint.mta.info/Dataservice/mtagtfsfeeds/lirr%2Fgtfs-lirr
2026-02-17 01:14:30 [INFO] [RAIL] lirr: 640 arrivals from 98 entities
2026-02-17 01:14:30 [INFO] [LOCATION] lat=40.67496, lon=-73.81257 (nearby)
2026-02-17 01:14:30 [DEBUG] [CACHE] EXPIRED  https://api-endpoint.mta.info/Dataservice/mtagtfsfeeds/nyct%2Fgtfs-ace
2026-02-17 01:14:30 [DEBUG] [FEED] Fetching protobuf: https://api-endpoint.mta.info/Dataservice/mtagtfsfeeds/nyct%2Fgtfs-ace
2026-02-17 01:14:30 [DEBUG] [CACHE] EXPIRED  https://api-endpoint.mta.info/Dataservice/mtagtfsfeeds/nyct%2Fgtfs-g
2026-02-17 01:14:30 [DEBUG] [FEED] Fetching protobuf: https://api-endpoint.mta.info/Dataservice/mtagtfsfeeds/nyct%2Fgtfs-g
2026-02-17 01:14:30 [DEBUG] [CACHE] EXPIRED  https://api-endpoint.mta.info/Dataservice/mtagtfsfeeds/nyct%2Fgtfs-nqrw
2026-02-17 01:14:30 [DEBUG] [FEED] Fetching protobuf: https://api-endpoint.mta.info/Dataservice/mtagtfsfeeds/nyct%2Fgtfs-nqrw
2026-02-17 01:14:30 [DEBUG] [CACHE] EXPIRED  https://api-endpoint.mta.info/Dataservice/mtagtfsfeeds/nyct%2Fgtfs
2026-02-17 01:14:30 [DEBUG] [FEED] Fetching protobuf: https://api-endpoint.mta.info/Dataservice/mtagtfsfeeds/nyct%2Fgtfs
2026-02-17 01:14:30 [DEBUG] [CACHE] EXPIRED  https://api-endpoint.mta.info/Dataservice/mtagtfsfeeds/nyct%2Fgtfs-bdfm
2026-02-17 01:14:30 [DEBUG] [FEED] Fetching protobuf: https://api-endpoint.mta.info/Dataservice/mtagtfsfeeds/nyct%2Fgtfs-bdfm
2026-02-17 01:14:30 [DEBUG] [CACHE] EXPIRED  https://api-endpoint.mta.info/Dataservice/mtagtfsfeeds/nyct%2Fgtfs-jz
2026-02-17 01:14:30 [DEBUG] [FEED] Fetching protobuf: https://api-endpoint.mta.info/Dataservice/mtagtfsfeeds/nyct%2Fgtfs-jz
2026-02-17 01:14:30 [DEBUG] [CACHE] EXPIRED  https://api-endpoint.mta.info/Dataservice/mtagtfsfeeds/nyct%2Fgtfs-l
2026-02-17 01:14:30 [DEBUG] [FEED] Fetching protobuf: https://api-endpoint.mta.info/Dataservice/mtagtfsfeeds/nyct%2Fgtfs-l
2026-02-17 01:14:30 [INFO] [TRACK] Found 178 subway stop_ids within 8047m
2026-02-17 01:14:30 [DEBUG] [CACHE] HIT  https://api-endpoint.mta.info/Dataservice/mtagtfsfeeds/lirr%2Fgtfs-lirr
2026-02-17 01:14:30 [INFO] [RAIL] lirr: 640 arrivals from 98 entities
2026-02-17 01:14:30 [DEBUG] [FEED] Fetching protobuf: https://api-endpoint.mta.info/Dataservice/mtagtfsfeeds/nyct%2Fgtfs-ace
2026-02-17 01:14:30 [DEBUG] [FEED] Fetching protobuf: https://api-endpoint.mta.info/Dataservice/mtagtfsfeeds/nyct%2Fgtfs-g
2026-02-17 01:14:30 [DEBUG] [FEED] Fetching protobuf: https://api-endpoint.mta.info/Dataservice/mtagtfsfeeds/nyct%2Fgtfs-nqrw
2026-02-17 01:14:30 [DEBUG] [FEED] Fetching protobuf: https://api-endpoint.mta.info/Dataservice/mtagtfsfeeds/nyct%2Fgtfs
2026-02-17 01:14:30 [DEBUG] [FEED] Fetching protobuf: https://api-endpoint.mta.info/Dataservice/mtagtfsfeeds/nyct%2Fgtfs-bdfm
2026-02-17 01:14:30 [DEBUG] [FEED] Fetching protobuf: https://api-endpoint.mta.info/Dataservice/mtagtfsfeeds/nyct%2Fgtfs-jz
2026-02-17 01:14:30 [DEBUG] [FEED] Fetching protobuf: https://api-endpoint.mta.info/Dataservice/mtagtfsfeeds/nyct%2Fgtfs-l
2026-02-17 01:14:30 [DEBUG] [FEED] Protobuf OK (52960 bytes): https://api-endpoint.mta.info/Dataservice/mtagtfsfeeds/nyct%2Fgtfs-ace
2026-02-17 01:14:30 [INFO] [SUBWAY] Feed A: 1169 arrivals from 114 entities
2026-02-17 01:14:30 [DEBUG] [FEED] Protobuf OK (12202 bytes): https://api-endpoint.mta.info/Dataservice/mtagtfsfeeds/nyct%2Fgtfs-jz
2026-02-17 01:14:30 [INFO] [SUBWAY] Feed J: 269 arrivals from 26 entities
2026-02-17 01:14:30 [DEBUG] [FEED] Protobuf OK (8489 bytes): https://api-endpoint.mta.info/Dataservice/mtagtfsfeeds/nyct%2Fgtfs-l
2026-02-17 01:14:30 [INFO] [SUBWAY] Feed L: 157 arrivals from 15 entities
2026-02-17 01:14:30 [DEBUG] [FEED] Protobuf OK (12202 bytes): https://api-endpoint.mta.info/Dataservice/mtagtfsfeeds/nyct%2Fgtfs-jz
2026-02-17 01:14:30 [INFO] [SUBWAY] Feed J: 269 arrivals from 26 entities
2026-02-17 01:14:30 [DEBUG] [FEED] Protobuf OK (52767 bytes): https://api-endpoint.mta.info/Dataservice/mtagtfsfeeds/nyct%2Fgtfs-bdfm
2026-02-17 01:14:30 [INFO] [SUBWAY] Feed B: 1196 arrivals from 100 entities
2026-02-17 01:14:30 [DEBUG] [FEED] Protobuf OK (8684 bytes): https://api-endpoint.mta.info/Dataservice/mtagtfsfeeds/nyct%2Fgtfs-g
2026-02-17 01:14:30 [INFO] [SUBWAY] Feed G: 184 arrivals from 22 entities
2026-02-17 01:14:30 [DEBUG] [FEED] Protobuf OK (41618 bytes): https://api-endpoint.mta.info/Dataservice/mtagtfsfeeds/nyct%2Fgtfs-nqrw
2026-02-17 01:14:30 [INFO] [SUBWAY] Feed N: 959 arrivals from 72 entities
2026-02-17 01:14:30 [DEBUG] [FEED] Protobuf OK (52960 bytes): https://api-endpoint.mta.info/Dataservice/mtagtfsfeeds/nyct%2Fgtfs-ace
2026-02-17 01:14:30 [INFO] [SUBWAY] Feed A: 1169 arrivals from 114 entities
2026-02-17 01:14:30 [DEBUG] [FEED] Protobuf OK (8489 bytes): https://api-endpoint.mta.info/Dataservice/mtagtfsfeeds/nyct%2Fgtfs-l
2026-02-17 01:14:30 [INFO] [SUBWAY] Feed L: 157 arrivals from 15 entities
2026-02-17 01:14:30 [DEBUG] [FEED] Protobuf OK (69555 bytes): https://api-endpoint.mta.info/Dataservice/mtagtfsfeeds/nyct%2Fgtfs
2026-02-17 01:14:30 [INFO] [SUBWAY] Feed 1: 1931 arrivals from 150 entities
2026-02-17 01:14:30 [DEBUG] [FEED] Protobuf OK (69555 bytes): https://api-endpoint.mta.info/Dataservice/mtagtfsfeeds/nyct%2Fgtfs
2026-02-17 01:14:30 [INFO] [SUBWAY] Feed 1: 1931 arrivals from 150 entities
2026-02-17 01:14:30 [DEBUG] [FEED] Protobuf OK (41618 bytes): https://api-endpoint.mta.info/Dataservice/mtagtfsfeeds/nyct%2Fgtfs-nqrw
2026-02-17 01:14:30 [INFO] [SUBWAY] Feed N: 959 arrivals from 72 entities
2026-02-17 01:14:30 [DEBUG] [FEED] Protobuf OK (52767 bytes): https://api-endpoint.mta.info/Dataservice/mtagtfsfeeds/nyct%2Fgtfs-bdfm
2026-02-17 01:14:30 [INFO] [SUBWAY] Feed B: 1196 arrivals from 100 entities
2026-02-17 01:14:30 [DEBUG] [FEED] Protobuf OK (8684 bytes): https://api-endpoint.mta.info/Dataservice/mtagtfsfeeds/nyct%2Fgtfs-g
2026-02-17 01:14:30 [INFO] [SUBWAY] Feed G: 184 arrivals from 22 entities
2026-02-17 01:14:30 [INFO] [TRACK] Subway: 7/7 feeds OK, 5865 raw → 689 kept (nearby)
2026-02-17 01:14:30 [INFO] [TRACK] Filling in schedules for 66 stops with no live data
2026-02-17 01:14:31 [INFO] [TRACK] Subway: 7/7 feeds OK, 5865 raw → 689 kept (nearby)
2026-02-17 01:14:31 [INFO] [TRACK] Filling in schedules for 66 stops with no live data
2026-02-17 01:14:32 [INFO] [HTTP] GET /nearby?lat=40.67496443852312&lon=-73.81257174377635&radius=8047 → 200 (1732.9ms)
2026-02-17 01:14:32 [INFO] [HTTP] GET /nearby/grouped?lat=40.67496443852312&lon=-73.81257174377635&radius=8047 → 200 (1775.9ms)
2026-02-17 01:14:51 [INFO] [LOCATION] lat=40.67496, lon=-73.81257 (nearby)
2026-02-17 01:14:51 [INFO] [TRACK] Found 178 subway stop_ids within 8047m
2026-02-17 01:14:51 [DEBUG] [CACHE] EXPIRED  https://api-endpoint.mta.info/Dataservice/mtagtfsfeeds/lirr%2Fgtfs-lirr
2026-02-17 01:14:51 [DEBUG] [FEED] Fetching protobuf: https://api-endpoint.mta.info/Dataservice/mtagtfsfeeds/lirr%2Fgtfs-lirr
2026-02-17 01:14:51 [DEBUG] [CACHE] EXPIRED  https://api-endpoint.mta.info/Dataservice/mtagtfsfeeds/nyct%2Fgtfs-ace
2026-02-17 01:14:51 [DEBUG] [FEED] Fetching protobuf: https://api-endpoint.mta.info/Dataservice/mtagtfsfeeds/nyct%2Fgtfs-ace
2026-02-17 01:14:51 [DEBUG] [CACHE] EXPIRED  https://api-endpoint.mta.info/Dataservice/mtagtfsfeeds/nyct%2Fgtfs-g
2026-02-17 01:14:51 [DEBUG] [FEED] Fetching protobuf: https://api-endpoint.mta.info/Dataservice/mtagtfsfeeds/nyct%2Fgtfs-g
2026-02-17 01:14:51 [DEBUG] [CACHE] EXPIRED  https://api-endpoint.mta.info/Dataservice/mtagtfsfeeds/nyct%2Fgtfs-nqrw
2026-02-17 01:14:51 [DEBUG] [FEED] Fetching protobuf: https://api-endpoint.mta.info/Dataservice/mtagtfsfeeds/nyct%2Fgtfs-nqrw
2026-02-17 01:14:51 [DEBUG] [CACHE] EXPIRED  https://api-endpoint.mta.info/Dataservice/mtagtfsfeeds/nyct%2Fgtfs
2026-02-17 01:14:51 [DEBUG] [FEED] Fetching protobuf: https://api-endpoint.mta.info/Dataservice/mtagtfsfeeds/nyct%2Fgtfs
2026-02-17 01:14:51 [DEBUG] [CACHE] EXPIRED  https://api-endpoint.mta.info/Dataservice/mtagtfsfeeds/nyct%2Fgtfs-bdfm
2026-02-17 01:14:51 [DEBUG] [FEED] Fetching protobuf: https://api-endpoint.mta.info/Dataservice/mtagtfsfeeds/nyct%2Fgtfs-bdfm
2026-02-17 01:14:51 [DEBUG] [CACHE] EXPIRED  https://api-endpoint.mta.info/Dataservice/mtagtfsfeeds/nyct%2Fgtfs-jz
2026-02-17 01:14:51 [DEBUG] [FEED] Fetching protobuf: https://api-endpoint.mta.info/Dataservice/mtagtfsfeeds/nyct%2Fgtfs-jz
2026-02-17 01:14:51 [DEBUG] [CACHE] EXPIRED  https://api-endpoint.mta.info/Dataservice/mtagtfsfeeds/nyct%2Fgtfs-l
2026-02-17 01:14:51 [DEBUG] [FEED] Fetching protobuf: https://api-endpoint.mta.info/Dataservice/mtagtfsfeeds/nyct%2Fgtfs-l
2026-02-17 01:14:51 [DEBUG] [CACHE] EXPIRED  https://api-endpoint.mta.info/Dataservice/mtagtfsfeeds/nyct%2Fnyct_ene.json
2026-02-17 01:14:51 [DEBUG] [FEED] Fetching JSON: https://api-endpoint.mta.info/Dataservice/mtagtfsfeeds/nyct%2Fnyct_ene.json
2026-02-17 01:14:51 [INFO] [LOCATION] lat=40.67496, lon=-73.81257 (nearby/grouped)
2026-02-17 01:14:51 [INFO] [TRACK] Found 178 subway stop_ids within 8047m
2026-02-17 01:14:51 [DEBUG] [FEED] Fetching protobuf: https://api-endpoint.mta.info/Dataservice/mtagtfsfeeds/lirr%2Fgtfs-lirr
2026-02-17 01:14:51 [DEBUG] [FEED] Fetching protobuf: https://api-endpoint.mta.info/Dataservice/mtagtfsfeeds/nyct%2Fgtfs-ace
2026-02-17 01:14:51 [DEBUG] [FEED] Fetching protobuf: https://api-endpoint.mta.info/Dataservice/mtagtfsfeeds/nyct%2Fgtfs-g
2026-02-17 01:14:51 [DEBUG] [FEED] Fetching protobuf: https://api-endpoint.mta.info/Dataservice/mtagtfsfeeds/nyct%2Fgtfs-nqrw
2026-02-17 01:14:51 [DEBUG] [FEED] Fetching protobuf: https://api-endpoint.mta.info/Dataservice/mtagtfsfeeds/nyct%2Fgtfs
2026-02-17 01:14:51 [DEBUG] [FEED] Fetching protobuf: https://api-endpoint.mta.info/Dataservice/mtagtfsfeeds/nyct%2Fgtfs-bdfm
2026-02-17 01:14:51 [DEBUG] [FEED] Fetching protobuf: https://api-endpoint.mta.info/Dataservice/mtagtfsfeeds/nyct%2Fgtfs-jz
2026-02-17 01:14:51 [DEBUG] [FEED] Fetching protobuf: https://api-endpoint.mta.info/Dataservice/mtagtfsfeeds/nyct%2Fgtfs-l
2026-02-17 01:14:52 [DEBUG] [CACHE] EXPIRED  https://api-endpoint.mta.info/Dataservice/mtagtfsfeeds/camsys%2Fsubway-alerts.js
2026-02-17 01:14:52 [DEBUG] [FEED] Fetching JSON: https://api-endpoint.mta.info/Dataservice/mtagtfsfeeds/camsys%2Fsubway-alerts.json
2026-02-17 01:14:52 [DEBUG] [CACHE] EXPIRED  https://api-endpoint.mta.info/Dataservice/mtagtfsfeeds/camsys%2Fbus-alerts.json
2026-02-17 01:14:52 [DEBUG] [FEED] Fetching JSON: https://api-endpoint.mta.info/Dataservice/mtagtfsfeeds/camsys%2Fbus-alerts.json
2026-02-17 01:14:52 [DEBUG] [CACHE] EXPIRED  https://api-endpoint.mta.info/Dataservice/mtagtfsfeeds/camsys%2Flirr-alerts.json
2026-02-17 01:14:52 [DEBUG] [FEED] Fetching JSON: https://api-endpoint.mta.info/Dataservice/mtagtfsfeeds/camsys%2Flirr-alerts.json
2026-02-17 01:14:52 [DEBUG] [CACHE] EXPIRED  https://api-endpoint.mta.info/Dataservice/mtagtfsfeeds/camsys%2Fmnr-alerts.json
2026-02-17 01:14:52 [DEBUG] [FEED] Fetching JSON: https://api-endpoint.mta.info/Dataservice/mtagtfsfeeds/camsys%2Fmnr-alerts.json
2026-02-17 01:14:52 [DEBUG] [FEED] Protobuf OK (41546 bytes): https://api-endpoint.mta.info/Dataservice/mtagtfsfeeds/nyct%2Fgtfs-nqrw
2026-02-17 01:14:52 [INFO] [SUBWAY] Feed N: 957 arrivals from 72 entities
2026-02-17 01:14:52 [DEBUG] [FEED] Protobuf OK (8647 bytes): https://api-endpoint.mta.info/Dataservice/mtagtfsfeeds/nyct%2Fgtfs-g
2026-02-17 01:14:52 [INFO] [SUBWAY] Feed G: 183 arrivals from 22 entities
2026-02-17 01:14:52 [DEBUG] [FEED] Protobuf OK (8647 bytes): https://api-endpoint.mta.info/Dataservice/mtagtfsfeeds/nyct%2Fgtfs-g
2026-02-17 01:14:52 [INFO] [SUBWAY] Feed G: 183 arrivals from 22 entities
2026-02-17 01:14:52 [DEBUG] [FEED] Protobuf OK (8489 bytes): https://api-endpoint.mta.info/Dataservice/mtagtfsfeeds/nyct%2Fgtfs-l
2026-02-17 01:14:52 [INFO] [SUBWAY] Feed L: 157 arrivals from 15 entities
2026-02-17 01:14:52 [DEBUG] [FEED] Protobuf OK (52849 bytes): https://api-endpoint.mta.info/Dataservice/mtagtfsfeeds/nyct%2Fgtfs-ace
2026-02-17 01:14:52 [INFO] [SUBWAY] Feed A: 1166 arrivals from 114 entities
2026-02-17 01:14:52 [DEBUG] [FEED] Protobuf OK (52656 bytes): https://api-endpoint.mta.info/Dataservice/mtagtfsfeeds/nyct%2Fgtfs-bdfm
2026-02-17 01:14:52 [INFO] [SUBWAY] Feed B: 1193 arrivals from 100 entities
2026-02-17 01:14:52 [DEBUG] [FEED] Protobuf OK (69198 bytes): https://api-endpoint.mta.info/Dataservice/mtagtfsfeeds/nyct%2Fgtfs
2026-02-17 01:14:52 [INFO] [SUBWAY] Feed 1: 1921 arrivals from 149 entities
2026-02-17 01:14:52 [DEBUG] [FEED] Protobuf OK (52656 bytes): https://api-endpoint.mta.info/Dataservice/mtagtfsfeeds/nyct%2Fgtfs-bdfm
2026-02-17 01:14:52 [INFO] [SUBWAY] Feed B: 1193 arrivals from 100 entities
2026-02-17 01:14:52 [DEBUG] [FEED] Protobuf OK (41546 bytes): https://api-endpoint.mta.info/Dataservice/mtagtfsfeeds/nyct%2Fgtfs-nqrw
2026-02-17 01:14:52 [INFO] [SUBWAY] Feed N: 957 arrivals from 72 entities
2026-02-17 01:14:52 [DEBUG] [FEED] Protobuf OK (8489 bytes): https://api-endpoint.mta.info/Dataservice/mtagtfsfeeds/nyct%2Fgtfs-l
2026-02-17 01:14:52 [INFO] [SUBWAY] Feed L: 157 arrivals from 15 entities
2026-02-17 01:14:52 [DEBUG] [FEED] JSON OK: https://api-endpoint.mta.info/Dataservice/mtagtfsfeeds/nyct%2Fnyct_ene.json
2026-02-17 01:14:52 [INFO] [DATA] Elevator/escalator outages: 0 out of service
2026-02-17 01:14:52 [DEBUG] [FEED] Protobuf OK (52849 bytes): https://api-endpoint.mta.info/Dataservice/mtagtfsfeeds/nyct%2Fgtfs-ace
2026-02-17 01:14:52 [INFO] [SUBWAY] Feed A: 1166 arrivals from 114 entities
2026-02-17 01:14:52 [DEBUG] [FEED] Protobuf OK (12204 bytes): https://api-endpoint.mta.info/Dataservice/mtagtfsfeeds/nyct%2Fgtfs-jz
2026-02-17 01:14:52 [INFO] [SUBWAY] Feed J: 269 arrivals from 26 entities
2026-02-17 01:14:52 [DEBUG] [FEED] Protobuf OK (12204 bytes): https://api-endpoint.mta.info/Dataservice/mtagtfsfeeds/nyct%2Fgtfs-jz
2026-02-17 01:14:52 [INFO] [SUBWAY] Feed J: 269 arrivals from 26 entities
2026-02-17 01:14:52 [DEBUG] [FEED] Protobuf OK (69198 bytes): https://api-endpoint.mta.info/Dataservice/mtagtfsfeeds/nyct%2Fgtfs
2026-02-17 01:14:52 [INFO] [SUBWAY] Feed 1: 1921 arrivals from 149 entities
2026-02-17 01:14:52 [INFO] [HTTP] GET /accessibility → 200 (1005.6ms)
2026-02-17 01:14:52 [INFO] [TRACK] Subway: 7/7 feeds OK, 5846 raw → 687 kept (nearby)
2026-02-17 01:14:52 [INFO] [TRACK] Filling in schedules for 66 stops with no live data
2026-02-17 01:14:52 [INFO] [TRACK] Subway: 7/7 feeds OK, 5846 raw → 687 kept (nearby)
2026-02-17 01:14:52 [INFO] [TRACK] Filling in schedules for 66 stops with no live data
2026-02-17 01:14:52 [DEBUG] [FEED] Protobuf OK (33561 bytes): https://api-endpoint.mta.info/Dataservice/mtagtfsfeeds/lirr%2Fgtfs-lirr
2026-02-17 01:14:52 [INFO] [RAIL] lirr: 629 arrivals from 96 entities
2026-02-17 01:14:52 [DEBUG] [FEED] JSON OK: https://api-endpoint.mta.info/Dataservice/mtagtfsfeeds/camsys%2Fsubway-alerts.json
2026-02-17 01:14:52 [DEBUG] [FEED] JSON OK: https://api-endpoint.mta.info/Dataservice/mtagtfsfeeds/camsys%2Flirr-alerts.json
2026-02-17 01:14:52 [DEBUG] [FEED] JSON OK: https://api-endpoint.mta.info/Dataservice/mtagtfsfeeds/camsys%2Fbus-alerts.json
2026-02-17 01:14:52 [DEBUG] [FEED] Protobuf OK (33561 bytes): https://api-endpoint.mta.info/Dataservice/mtagtfsfeeds/lirr%2Fgtfs-lirr
2026-02-17 01:14:52 [INFO] [RAIL] lirr: 629 arrivals from 96 entities
2026-02-17 01:14:52 [DEBUG] [FEED] JSON OK: https://api-endpoint.mta.info/Dataservice/mtagtfsfeeds/camsys%2Fmnr-alerts.json
2026-02-17 01:14:52 [INFO] [ALERTS] Fetched 271 alerts across 4 feeds
2026-02-17 01:14:52 [INFO] [HTTP] GET /nearby?lat=40.67496443852312&lon=-73.81257174377635&radius=8047 → 200 (1444.1ms)
2026-02-17 01:14:52 [INFO] [HTTP] GET /alerts → 200 (1029.1ms)
2026-02-17 01:14:52 [INFO] [HTTP] GET /nearby/grouped?lat=40.67496443852312&lon=-73.81257174377635&radius=8047 → 200 (1033.1ms)
